Country,Code,Year,Month,Date,Exchange rate USD,Unemployment rate,Rule of law index (-2.5 weak; 2.5 strong),Government effectiveness index (-2.5 weak; 2.5 strong),Control of corruption (-2.5 weak; 2.5 strong),Regulatory quality index (-2.5 weak; 2.5 strong),Voice and accountability index (-2.5 weak; 2.5 strong),Political stability index (-2.5 weak; 2.5 strong),Corruption Perceptions Index 100 = no corruption,Political rights index 7 (weak) - 1 (strong),Civil liberties index 7 (weak) - 1 (strong) ,Short-term political risk (1=low 7=high),Medium/long-term political risk (1=low 7=high),Political violence risk (1=low 7=high),Mobile phone subscribers per 100 people,Property rights index (0-100),Freedom from corruption index (0-100),Business freedom index (0-100),Labor freedom index (0-100),Life expectancy in years,Fragile state index 0 (low) - 120 (high),Security threats index 0 (low) - 10 (high),State legitimacy index 0 (high) - 10 (low),Public services index 0 (high) - 10 (low),Human rights and rule of law index 0 (high) - 10 (low),Refugees and displaced persons index 0 (low) - 10 (high),Labor force million people,Labor force participation rate,Percent urban population,Population density people per square km
Egypt,EGY,2017,1,1/1/17,18.6331,11.74,-0.54,-0.62,-0.55,-0.86,-1.25,-1.42,32,6,5,4,6,5,106.76,35,33,67,51,71.66,89.8,8.1,8.2,4.9,9.8,7.3,30.66,48.01,42.71,97
Egypt,EGY,2017,2,2/1/17,17.2295,11.74,-0.54,-0.62,-0.55,-0.86,-1.25,-1.42,32,6,5,4,6,5,106.76,35,33,67,51,71.66,89.8,8.1,8.2,4.9,9.8,7.3,30.66,48.01,42.71,97
Egypt,EGY,2017,3,3/1/17,17.6674,11.74,-0.54,-0.62,-0.55,-0.86,-1.25,-1.42,32,6,5,4,6,5,106.76,35,33,67,51,71.66,89.8,8.1,8.2,4.9,9.8,7.3,30.66,48.01,42.71,97
Egypt,EGY,2017,4,4/1/17,18.0983,11.74,-0.54,-0.62,-0.55,-0.86,-1.25,-1.42,32,6,5,4,6,5,106.76,35,33,67,51,71.66,89.8,8.1,8.2,4.9,9.8,7.3,30.66,48.01,42.71,97
Egypt,EGY,2017,5,5/1/17,18.0884,11.74,-0.54,-0.62,-0.55,-0.86,-1.25,-1.42,32,6,5,4,6,5,106.76,35,33,67,51,71.66,89.8,8.1,8.2,4.9,9.8,7.3,30.66,48.01,42.71,97
Egypt,EGY,2017,6,6/1/17,18.1116,11.74,-0.54,-0.62,-0.55,-0.86,-1.25,-1.42,32,6,5,4,6,5,106.76,35,33,67,51,71.66,89.8,8.1,8.2,4.9,9.8,7.3,30.66,48.01,42.71,97
Egypt,EGY,2017,7,7/1/17,17.9211,11.74,-0.54,-0.62,-0.55,-0.86,-1.25,-1.42,32,6,5,4,6,5,106.76,35,33,67,51,71.66,89.8,8.1,8.2,4.9,9.8,7.3,30.66,48.01,42.71,97
Egypt,EGY,2017,8,8/1/17,17.7534,11.74,-0.54,-0.62,-0.55,-0.86,-1.25,-1.42,32,6,5,4,6,5,106.76,35,33,67,51,71.66,89.8,8.1,8.2,4.9,9.8,7.3,30.66,48.01,42.71,97
Egypt,EGY,2017,9,9/1/17,17.6515,11.74,-0.54,-0.62,-0.55,-0.86,-1.25,-1.42,32,6,5,4,6,5,106.76,35,33,67,51,71.66,89.8,8.1,8.2,4.9,9.8,7.3,30.66,48.01,42.71,97
Egypt,EGY,2017,10,10/1/17,17.6439,11.74,-0.54,-0.62,-0.55,-0.86,-1.25,-1.42,32,6,5,4,6,5,106.76,35,33,67,51,71.66,89.8,8.1,8.2,4.9,9.8,7.3,30.66,48.01,42.71,97
Egypt,EGY,2017,11,11/1/17,17.6626,11.74,-0.54,-0.62,-0.55,-0.86,-1.25,-1.42,32,6,5,4,6,5,106.76,35,33,67,51,71.66,89.8,8.1,8.2,4.9,9.8,7.3,30.66,48.01,42.71,97
Egypt,EGY,2017,12,12/1/17,17.7886,11.74,-0.54,-0.62,-0.55,-0.86,-1.25,-1.42,32,6,5,4,6,5,106.76,35,33,67,51,71.66,89.8,8.1,8.2,4.9,9.8,7.3,30.66,48.01,42.71,97
Egypt,EGY,2018,1,1/1/18,17.6985,11.59,-0.41,-0.58,-0.59,-0.87,-1.28,-1.16,35,6,6,3,6,5,95.29,33,32,72,52,71.82,88.7,8.2,8.3,4.6,9.9,7,31.32,48.08,42.7,99
Egypt,EGY,2018,2,2/1/18,17.6619,11.59,-0.41,-0.58,-0.59,-0.87,-1.28,-1.16,35,6,6,3,6,5,95.29,33,32,72,52,71.82,88.7,8.2,8.3,4.6,9.9,7,31.32,48.08,42.7,99
Egypt,EGY,2018,3,3/1/18,17.6235,11.59,-0.41,-0.58,-0.59,-0.87,-1.28,-1.16,35,6,6,3,6,5,95.29,33,32,72,52,71.82,88.7,8.2,8.3,4.6,9.9,7,31.32,48.08,42.7,99
Egypt,EGY,2018,4,4/1/18,17.6689,11.59,-0.41,-0.58,-0.59,-0.87,-1.28,-1.16,35,6,6,3,6,5,95.29,33,32,72,52,71.82,88.7,8.2,8.3,4.6,9.9,7,31.32,48.08,42.7,99
Egypt,EGY,2018,5,5/1/18,17.7914,11.59,-0.41,-0.58,-0.59,-0.87,-1.28,-1.16,35,6,6,3,6,5,95.29,33,32,72,52,71.82,88.7,8.2,8.3,4.6,9.9,7,31.32,48.08,42.7,99
Egypt,EGY,2018,6,6/1/18,17.8638,11.59,-0.41,-0.58,-0.59,-0.87,-1.28,-1.16,35,6,6,3,6,5,95.29,33,32,72,52,71.82,88.7,8.2,8.3,4.6,9.9,7,31.32,48.08,42.7,99
Egypt,EGY,2018,7,7/1/18,17.8844,11.59,-0.41,-0.58,-0.59,-0.87,-1.28,-1.16,35,6,6,3,6,5,95.29,33,32,72,52,71.82,88.7,8.2,8.3,4.6,9.9,7,31.32,48.08,42.7,99
Egypt,EGY,2018,8,8/1/18,17.8757,11.59,-0.41,-0.58,-0.59,-0.87,-1.28,-1.16,35,6,6,3,6,5,95.29,33,32,72,52,71.82,88.7,8.2,8.3,4.6,9.9,7,31.32,48.08,42.7,99
Egypt,EGY,2018,9,9/1/18,17.8866,11.59,-0.41,-0.58,-0.59,-0.87,-1.28,-1.16,35,6,6,3,6,5,95.29,33,32,72,52,71.82,88.7,8.2,8.3,4.6,9.9,7,31.32,48.08,42.7,99
Egypt,EGY,2018,10,10/1/18,17.9041,11.59,-0.41,-0.58,-0.59,-0.87,-1.28,-1.16,35,6,6,3,6,5,95.29,33,32,72,52,71.82,88.7,8.2,8.3,4.6,9.9,7,31.32,48.08,42.7,99
Egypt,EGY,2018,11,11/1/18,17.9012,11.59,-0.41,-0.58,-0.59,-0.87,-1.28,-1.16,35,6,6,3,6,5,95.29,33,32,72,52,71.82,88.7,8.2,8.3,4.6,9.9,7,31.32,48.08,42.7,99
Egypt,EGY,2018,12,12/1/18,17.9112,11.59,-0.41,-0.58,-0.59,-0.87,-1.28,-1.16,35,6,6,3,6,5,95.29,33,32,72,52,71.82,88.7,8.2,8.3,4.6,9.9,7,31.32,48.08,42.7,99
Egypt,EGY,2019,1,1/1/19,17.8693,10.76,-0.475,-0.6,-0.57,-0.865,-1.265,-1.29,35,6,6,3,5,5,101.03,37,29,66,52,71.74,88.4,8.2,8.6,4.3,10,6.7,31.96,48.12,42.705,98
Egypt,EGY,2019,2,2/1/19,17.5722,10.76,-0.475,-0.6,-0.57,-0.865,-1.265,-1.29,35,6,6,3,5,5,101.03,37,29,66,52,71.74,88.4,8.2,8.6,4.3,10,6.7,31.96,48.12,42.705,98
Egypt,EGY,2019,3,3/1/19,17.3747,10.76,-0.475,-0.6,-0.57,-0.865,-1.265,-1.29,35,6,6,3,5,5,101.03,37,29,66,52,71.74,88.4,8.2,8.6,4.3,10,6.7,31.96,48.12,42.705,98
Egypt,EGY,2019,4,4/1/19,17.2501,10.76,-0.475,-0.6,-0.57,-0.865,-1.265,-1.29,35,6,6,3,5,5,101.03,37,29,66,52,71.74,88.4,8.2,8.6,4.3,10,6.7,31.96,48.12,42.705,98
Egypt,EGY,2019,5,5/1/19,17.0201,10.76,-0.475,-0.6,-0.57,-0.865,-1.265,-1.29,35,6,6,3,5,5,101.03,37,29,66,52,71.74,88.4,8.2,8.6,4.3,10,6.7,31.96,48.12,42.705,98
Egypt,EGY,2019,6,6/1/19,16.7289,10.76,-0.475,-0.6,-0.57,-0.865,-1.265,-1.29,35,6,6,3,5,5,101.03,37,29,66,52,71.74,88.4,8.2,8.6,4.3,10,6.7,31.96,48.12,42.705,98
Egypt,EGY,2019,7,7/1/19,16.6078,10.76,-0.475,-0.6,-0.57,-0.865,-1.265,-1.29,35,6,6,3,5,5,101.03,37,29,66,52,71.74,88.4,8.2,8.6,4.3,10,6.7,31.96,48.12,42.705,98
Egypt,EGY,2019,8,8/1/19,16.551,10.76,-0.475,-0.6,-0.57,-0.865,-1.265,-1.29,35,6,6,3,5,5,101.03,37,29,66,52,71.74,88.4,8.2,8.6,4.3,10,6.7,31.96,48.12,42.705,98
Egypt,EGY,2019,9,9/1/19,16.3779,10.76,-0.475,-0.6,-0.57,-0.865,-1.265,-1.29,35,6,6,3,5,5,101.03,37,29,66,52,71.74,88.4,8.2,8.6,4.3,10,6.7,31.96,48.12,42.705,98
Egypt,EGY,2019,10,10/1/19,16.237,10.76,-0.475,-0.6,-0.57,-0.865,-1.265,-1.29,35,6,6,3,5,5,101.03,37,29,66,52,71.74,88.4,8.2,8.6,4.3,10,6.7,31.96,48.12,42.705,98
Egypt,EGY,2019,11,11/1/19,16.1269,10.76,-0.475,-0.6,-0.57,-0.865,-1.265,-1.29,35,6,6,3,5,5,101.03,37,29,66,52,71.74,88.4,8.2,8.6,4.3,10,6.7,31.96,48.12,42.705,98
Egypt,EGY,2019,12,12/1/19,16.0819,10.76,-0.475,-0.6,-0.57,-0.865,-1.265,-1.29,35,6,6,3,5,5,101.03,37,29,66,52,71.74,88.4,8.2,8.6,4.3,10,6.7,31.96,48.12,42.705,98
Iraq,IRQ,2017,1,1/1/17,1181.5465,13.02,-1.64,-1.26,-1.37,-1.2,-1.05,-2.31,18,5,6,6,7,7,88.98,37,19,61,68,70.29,105.4,10,9.5,8.2,8.7,9.9,9.77,42.49,70.28,87
Iraq,IRQ,2017,2,2/1/17,1183.1528,13.02,-1.64,-1.26,-1.37,-1.2,-1.05,-2.31,18,5,6,6,7,7,88.98,37,19,61,68,70.29,105.4,10,9.5,8.2,8.7,9.9,9.77,42.49,70.28,87
Iraq,IRQ,2017,3,3/1/17,1175.5104,13.02,-1.64,-1.26,-1.37,-1.2,-1.05,-2.31,18,5,6,6,7,7,88.98,37,19,61,68,70.29,105.4,10,9.5,8.2,8.7,9.9,9.77,42.49,70.28,87
Iraq,IRQ,2017,4,4/1/17,1166.8338,13.02,-1.64,-1.26,-1.37,-1.2,-1.05,-2.31,18,5,6,6,7,7,88.98,37,19,61,68,70.29,105.4,10,9.5,8.2,8.7,9.9,9.77,42.49,70.28,87
Iraq,IRQ,2017,5,5/1/17,1169.5933,13.02,-1.64,-1.26,-1.37,-1.2,-1.05,-2.31,18,5,6,6,7,7,88.98,37,19,61,68,70.29,105.4,10,9.5,8.2,8.7,9.9,9.77,42.49,70.28,87
Iraq,IRQ,2017,6,6/1/17,1165.7296,13.02,-1.64,-1.26,-1.37,-1.2,-1.05,-2.31,18,5,6,6,7,7,88.98,37,19,61,68,70.29,105.4,10,9.5,8.2,8.7,9.9,9.77,42.49,70.28,87
Iraq,IRQ,2017,7,7/1/17,1167.7949,13.02,-1.64,-1.26,-1.37,-1.2,-1.05,-2.31,18,5,6,6,7,7,88.98,37,19,61,68,70.29,105.4,10,9.5,8.2,8.7,9.9,9.77,42.49,70.28,87
Iraq,IRQ,2017,8,8/1/17,1166.7941,13.02,-1.64,-1.26,-1.37,-1.2,-1.05,-2.31,18,5,6,6,7,7,88.98,37,19,61,68,70.29,105.4,10,9.5,8.2,8.7,9.9,9.77,42.49,70.28,87
Iraq,IRQ,2017,9,9/1/17,1168.2657,13.02,-1.64,-1.26,-1.37,-1.2,-1.05,-2.31,18,5,6,6,7,7,88.98,37,19,61,68,70.29,105.4,10,9.5,8.2,8.7,9.9,9.77,42.49,70.28,87
Iraq,IRQ,2017,10,10/1/17,1167.6759,13.02,-1.64,-1.26,-1.37,-1.2,-1.05,-2.31,18,5,6,6,7,7,88.98,37,19,61,68,70.29,105.4,10,9.5,8.2,8.7,9.9,9.77,42.49,70.28,87
Iraq,IRQ,2017,11,11/1/17,1166.9656,13.02,-1.64,-1.26,-1.37,-1.2,-1.05,-2.31,18,5,6,6,7,7,88.98,37,19,61,68,70.29,105.4,10,9.5,8.2,8.7,9.9,9.77,42.49,70.28,87
Iraq,IRQ,2017,12,12/1/17,1190.3617,13.02,-1.64,-1.26,-1.37,-1.2,-1.05,-2.31,18,5,6,6,7,7,88.98,37,19,61,68,70.29,105.4,10,9.5,8.2,8.7,9.9,9.77,42.49,70.28,87
Iraq,IRQ,2018,1,1/1/18,1185.9583,12.86,-1.76,-1.32,-1.4,-1.22,-0.99,-2.56,18,5,6,6,7,7,95.04,37,23,59,70,70.45,102.2,9,9.2,8.3,8.4,9.6,10.08,42.55,70.47,89
Iraq,IRQ,2018,2,2/1/18,1189.4762,12.86,-1.76,-1.32,-1.4,-1.22,-0.99,-2.56,18,5,6,6,7,7,95.04,37,23,59,70,70.45,102.2,9,9.2,8.3,8.4,9.6,10.08,42.55,70.47,89
Iraq,IRQ,2018,3,3/1/18,1187.7763,12.86,-1.76,-1.32,-1.4,-1.22,-0.99,-2.56,18,5,6,6,7,7,95.04,37,23,59,70,70.45,102.2,9,9.2,8.3,8.4,9.6,10.08,42.55,70.47,89
Iraq,IRQ,2018,4,4/1/18,1191.6422,12.86,-1.76,-1.32,-1.4,-1.22,-0.99,-2.56,18,5,6,6,7,7,95.04,37,23,59,70,70.45,102.2,9,9.2,8.3,8.4,9.6,10.08,42.55,70.47,89
Iraq,IRQ,2018,5,5/1/18,1193.2877,12.86,-1.76,-1.32,-1.4,-1.22,-0.99,-2.56,18,5,6,6,7,7,95.04,37,23,59,70,70.45,102.2,9,9.2,8.3,8.4,9.6,10.08,42.55,70.47,89
Iraq,IRQ,2018,6,6/1/18,1192.9193,12.86,-1.76,-1.32,-1.4,-1.22,-0.99,-2.56,18,5,6,6,7,7,95.04,37,23,59,70,70.45,102.2,9,9.2,8.3,8.4,9.6,10.08,42.55,70.47,89
Iraq,IRQ,2018,7,7/1/18,1190.9551,12.86,-1.76,-1.32,-1.4,-1.22,-0.99,-2.56,18,5,6,6,7,7,95.04,37,23,59,70,70.45,102.2,9,9.2,8.3,8.4,9.6,10.08,42.55,70.47,89
Iraq,IRQ,2018,8,8/1/18,1191.688,12.86,-1.76,-1.32,-1.4,-1.22,-0.99,-2.56,18,5,6,6,7,7,95.04,37,23,59,70,70.45,102.2,9,9.2,8.3,8.4,9.6,10.08,42.55,70.47,89
Iraq,IRQ,2018,9,9/1/18,1192.5248,12.86,-1.76,-1.32,-1.4,-1.22,-0.99,-2.56,18,5,6,6,7,7,95.04,37,23,59,70,70.45,102.2,9,9.2,8.3,8.4,9.6,10.08,42.55,70.47,89
Iraq,IRQ,2018,10,10/1/18,1192.5464,12.86,-1.76,-1.32,-1.4,-1.22,-0.99,-2.56,18,5,6,6,7,7,95.04,37,23,59,70,70.45,102.2,9,9.2,8.3,8.4,9.6,10.08,42.55,70.47,89
Iraq,IRQ,2018,11,11/1/18,1191.7659,12.86,-1.76,-1.32,-1.4,-1.22,-0.99,-2.56,18,5,6,6,7,7,95.04,37,23,59,70,70.45,102.2,9,9.2,8.3,8.4,9.6,10.08,42.55,70.47,89
Iraq,IRQ,2018,12,12/1/18,1192.5211,12.86,-1.76,-1.32,-1.4,-1.22,-0.99,-2.56,18,5,6,6,7,7,95.04,37,23,59,70,70.45,102.2,9,9.2,8.3,8.4,9.6,10.08,42.55,70.47,89
Iraq,IRQ,2019,1,1/1/19,1191.6544,12.82,-1.7,-1.29,-1.39,-1.21,-1.02,-2.44,20,5,6,6,7,6,92.01,37,20,54,53,70.37,99.1,8.7,8.9,8.7,8.1,9.1,10.38,42.6,70.375,88
Iraq,IRQ,2019,2,2/1/19,1192.596,12.82,-1.7,-1.29,-1.39,-1.21,-1.02,-2.44,20,5,6,6,7,6,92.01,37,20,54,53,70.37,99.1,8.7,8.9,8.7,8.1,9.1,10.38,42.6,70.375,88
Iraq,IRQ,2019,3,3/1/19,1192.4175,12.82,-1.7,-1.29,-1.39,-1.21,-1.02,-2.44,20,5,6,6,7,6,92.01,37,20,54,53,70.37,99.1,8.7,8.9,8.7,8.1,9.1,10.38,42.6,70.375,88
Iraq,IRQ,2019,4,4/1/19,1192.8303,12.82,-1.7,-1.29,-1.39,-1.21,-1.02,-2.44,20,5,6,6,7,6,92.01,37,20,54,53,70.37,99.1,8.7,8.9,8.7,8.1,9.1,10.38,42.6,70.375,88
Iraq,IRQ,2019,5,5/1/19,1192.2113,12.82,-1.7,-1.29,-1.39,-1.21,-1.02,-2.44,20,5,6,6,7,6,92.01,37,20,54,53,70.37,99.1,8.7,8.9,8.7,8.1,9.1,10.38,42.6,70.375,88
Iraq,IRQ,2019,6,6/1/19,1191.5321,12.82,-1.7,-1.29,-1.39,-1.21,-1.02,-2.44,20,5,6,6,7,6,92.01,37,20,54,53,70.37,99.1,8.7,8.9,8.7,8.1,9.1,10.38,42.6,70.375,88
Iraq,IRQ,2019,7,7/1/19,1192.3488,12.82,-1.7,-1.29,-1.39,-1.21,-1.02,-2.44,20,5,6,6,7,6,92.01,37,20,54,53,70.37,99.1,8.7,8.9,8.7,8.1,9.1,10.38,42.6,70.375,88
Iraq,IRQ,2019,8,8/1/19,1191.3261,12.82,-1.7,-1.29,-1.39,-1.21,-1.02,-2.44,20,5,6,6,7,6,92.01,37,20,54,53,70.37,99.1,8.7,8.9,8.7,8.1,9.1,10.38,42.6,70.375,88
Iraq,IRQ,2019,9,9/1/19,1192.2557,12.82,-1.7,-1.29,-1.39,-1.21,-1.02,-2.44,20,5,6,6,7,6,92.01,37,20,54,53,70.37,99.1,8.7,8.9,8.7,8.1,9.1,10.38,42.6,70.375,88
Iraq,IRQ,2019,10,10/1/19,1191.2479,12.82,-1.7,-1.29,-1.39,-1.21,-1.02,-2.44,20,5,6,6,7,6,92.01,37,20,54,53,70.37,99.1,8.7,8.9,8.7,8.1,9.1,10.38,42.6,70.375,88
Iraq,IRQ,2019,11,11/1/19,1192.4877,12.82,-1.7,-1.29,-1.39,-1.21,-1.02,-2.44,20,5,6,6,7,6,92.01,37,20,54,53,70.37,99.1,8.7,8.9,8.7,8.1,9.1,10.38,42.6,70.375,88
Iraq,IRQ,2019,12,12/1/19,1192.01,12.82,-1.7,-1.29,-1.39,-1.21,-1.02,-2.44,20,5,6,6,7,6,92.01,37,20,54,53,70.37,99.1,8.7,8.9,8.7,8.1,9.1,10.38,42.6,70.375,88
Jordan,JOR,2017,1,1/1/17,0.7089,15.11,0.26,0.11,0.26,0.1,-0.72,-0.5,48,5,5,4,5,4,99.16,60,50,64,58,74.29,78.7,5.7,6.3,4.2,7.9,9.6,2.51,39.37,90.75,110
Jordan,JOR,2017,2,2/1/17,0.7089,15.11,0.26,0.11,0.26,0.1,-0.72,-0.5,48,5,5,4,5,4,99.16,60,50,64,58,74.29,78.7,5.7,6.3,4.2,7.9,9.6,2.51,39.37,90.75,110
Jordan,JOR,2017,3,3/1/17,0.709,15.11,0.26,0.11,0.26,0.1,-0.72,-0.5,48,5,5,4,5,4,99.16,60,50,64,58,74.29,78.7,5.7,6.3,4.2,7.9,9.6,2.51,39.37,90.75,110
Jordan,JOR,2017,4,4/1/17,0.7094,15.11,0.26,0.11,0.26,0.1,-0.72,-0.5,48,5,5,4,5,4,99.16,60,50,64,58,74.29,78.7,5.7,6.3,4.2,7.9,9.6,2.51,39.37,90.75,110
Jordan,JOR,2017,5,5/1/17,0.7097,15.11,0.26,0.11,0.26,0.1,-0.72,-0.5,48,5,5,4,5,4,99.16,60,50,64,58,74.29,78.7,5.7,6.3,4.2,7.9,9.6,2.51,39.37,90.75,110
Jordan,JOR,2017,6,6/1/17,0.7098,15.11,0.26,0.11,0.26,0.1,-0.72,-0.5,48,5,5,4,5,4,99.16,60,50,64,58,74.29,78.7,5.7,6.3,4.2,7.9,9.6,2.51,39.37,90.75,110
Jordan,JOR,2017,7,7/1/17,0.7097,15.11,0.26,0.11,0.26,0.1,-0.72,-0.5,48,5,5,4,5,4,99.16,60,50,64,58,74.29,78.7,5.7,6.3,4.2,7.9,9.6,2.51,39.37,90.75,110
Jordan,JOR,2017,8,8/1/17,0.7088,15.11,0.26,0.11,0.26,0.1,-0.72,-0.5,48,5,5,4,5,4,99.16,60,50,64,58,74.29,78.7,5.7,6.3,4.2,7.9,9.6,2.51,39.37,90.75,110
Jordan,JOR,2017,9,9/1/17,0.7089,15.11,0.26,0.11,0.26,0.1,-0.72,-0.5,48,5,5,4,5,4,99.16,60,50,64,58,74.29,78.7,5.7,6.3,4.2,7.9,9.6,2.51,39.37,90.75,110
Jordan,JOR,2017,10,10/1/17,0.709,15.11,0.26,0.11,0.26,0.1,-0.72,-0.5,48,5,5,4,5,4,99.16,60,50,64,58,74.29,78.7,5.7,6.3,4.2,7.9,9.6,2.51,39.37,90.75,110
Jordan,JOR,2017,11,11/1/17,0.709,15.11,0.26,0.11,0.26,0.1,-0.72,-0.5,48,5,5,4,5,4,99.16,60,50,64,58,74.29,78.7,5.7,6.3,4.2,7.9,9.6,2.51,39.37,90.75,110
Jordan,JOR,2017,12,12/1/17,0.7093,15.11,0.26,0.11,0.26,0.1,-0.72,-0.5,48,5,5,4,5,4,99.16,60,50,64,58,74.29,78.7,5.7,6.3,4.2,7.9,9.6,2.51,39.37,90.75,110
Jordan,JOR,2018,1,1/1/18,0.7096,15.11,0.26,0.11,0.26,0.1,-0.72,-0.5,48,5,5,4,5,4,99.16,60,50,64,58,74.29,78.7,5.7,6.3,4.2,7.9,9.6,2.51,39.37,90.75,110
Jordan,JOR,2018,2,2/1/18,0.7095,14.96,0.23,0.11,0.15,0.08,-0.7,-0.38,49,5,5,4,5,4,87.62,58,52,63,59,74.4,76.8,5.6,6.1,3.9,7.7,9.1,2.57,39.3,90.98,112
Jordan,JOR,2018,3,3/1/18,0.7093,14.96,0.23,0.11,0.15,0.08,-0.7,-0.38,49,5,5,4,5,4,87.62,58,52,63,59,74.4,76.8,5.6,6.1,3.9,7.7,9.1,2.57,39.3,90.98,112
Jordan,JOR,2018,4,4/1/18,0.7094,14.96,0.23,0.11,0.15,0.08,-0.7,-0.38,49,5,5,4,5,4,87.62,58,52,63,59,74.4,76.8,5.6,6.1,3.9,7.7,9.1,2.57,39.3,90.98,112
Jordan,JOR,2018,5,5/1/18,0.7095,14.96,0.23,0.11,0.15,0.08,-0.7,-0.38,49,5,5,4,5,4,87.62,58,52,63,59,74.4,76.8,5.6,6.1,3.9,7.7,9.1,2.57,39.3,90.98,112
Jordan,JOR,2018,6,6/1/18,0.7096,14.96,0.23,0.11,0.15,0.08,-0.7,-0.38,49,5,5,4,5,4,87.62,58,52,63,59,74.4,76.8,5.6,6.1,3.9,7.7,9.1,2.57,39.3,90.98,112
Jordan,JOR,2018,7,7/1/18,0.7095,14.96,0.23,0.11,0.15,0.08,-0.7,-0.38,49,5,5,4,5,4,87.62,58,52,63,59,74.4,76.8,5.6,6.1,3.9,7.7,9.1,2.57,39.3,90.98,112
Jordan,JOR,2018,8,8/1/18,0.7096,14.96,0.23,0.11,0.15,0.08,-0.7,-0.38,49,5,5,4,5,4,87.62,58,52,63,59,74.4,76.8,5.6,6.1,3.9,7.7,9.1,2.57,39.3,90.98,112
Jordan,JOR,2018,9,9/1/18,0.7098,14.96,0.23,0.11,0.15,0.08,-0.7,-0.38,49,5,5,4,5,4,87.62,58,52,63,59,74.4,76.8,5.6,6.1,3.9,7.7,9.1,2.57,39.3,90.98,112
Jordan,JOR,2018,10,10/1/18,0.7095,14.96,0.23,0.11,0.15,0.08,-0.7,-0.38,49,5,5,4,5,4,87.62,58,52,63,59,74.4,76.8,5.6,6.1,3.9,7.7,9.1,2.57,39.3,90.98,112
Jordan,JOR,2018,11,11/1/18,0.7095,14.96,0.23,0.11,0.15,0.08,-0.7,-0.38,49,5,5,4,5,4,87.62,58,52,63,59,74.4,76.8,5.6,6.1,3.9,7.7,9.1,2.57,39.3,90.98,112
Jordan,JOR,2018,12,12/1/18,0.7097,14.96,0.23,0.11,0.15,0.08,-0.7,-0.38,49,5,5,4,5,4,87.62,58,52,63,59,74.4,76.8,5.6,6.1,3.9,7.7,9.1,2.57,39.3,90.98,112
Jordan,JOR,2019,1,1/1/19,0.7096,14.72,0.25,0.11,0.21,0.09,-0.71,-0.45,48,5,5,4,6,4,93.87,58,50,62,53,74.34,75.9,5.3,6,3.6,7.4,8.8,2.63,39.21,90.86,110.92
Jordan,JOR,2019,2,2/1/19,0.7093,14.72,0.25,0.11,0.21,0.09,-0.71,-0.45,48,5,5,4,6,4,93.87,58,50,62,53,74.34,75.9,5.3,6,3.6,7.4,8.8,2.63,39.21,90.86,110.92
Jordan,JOR,2019,3,3/1/19,0.7089,14.72,0.25,0.11,0.21,0.09,-0.71,-0.45,48,5,5,4,6,4,93.87,58,50,62,53,74.34,75.9,5.3,6,3.6,7.4,8.8,2.63,39.21,90.86,110.92
Jordan,JOR,2019,4,4/1/19,0.7089,14.72,0.25,0.11,0.21,0.09,-0.71,-0.45,48,5,5,4,6,4,93.87,58,50,62,53,74.34,75.9,5.3,6,3.6,7.4,8.8,2.63,39.21,90.86,110.92
Jordan,JOR,2019,5,5/1/19,0.7089,14.72,0.25,0.11,0.21,0.09,-0.71,-0.45,48,5,5,4,6,4,93.87,58,50,62,53,74.34,75.9,5.3,6,3.6,7.4,8.8,2.63,39.21,90.86,110.92
Jordan,JOR,2019,6,6/1/19,0.709,14.72,0.25,0.11,0.21,0.09,-0.71,-0.45,48,5,5,4,6,4,93.87,58,50,62,53,74.34,75.9,5.3,6,3.6,7.4,8.8,2.63,39.21,90.86,110.92
Jordan,JOR,2019,7,7/1/19,0.709,14.72,0.25,0.11,0.21,0.09,-0.71,-0.45,48,5,5,4,6,4,93.87,58,50,62,53,74.34,75.9,5.3,6,3.6,7.4,8.8,2.63,39.21,90.86,110.92
Jordan,JOR,2019,8,8/1/19,0.7086,14.72,0.25,0.11,0.21,0.09,-0.71,-0.45,48,5,5,4,6,4,93.87,58,50,62,53,74.34,75.9,5.3,6,3.6,7.4,8.8,2.63,39.21,90.86,110.92
Jordan,JOR,2019,9,9/1/19,0.7087,14.72,0.25,0.11,0.21,0.09,-0.71,-0.45,48,5,5,4,6,4,93.87,58,50,62,53,74.34,75.9,5.3,6,3.6,7.4,8.8,2.63,39.21,90.86,110.92
Jordan,JOR,2019,10,10/1/19,0.7085,14.72,0.25,0.11,0.21,0.09,-0.71,-0.45,48,5,5,4,6,4,93.87,58,50,62,53,74.34,75.9,5.3,6,3.6,7.4,8.8,2.63,39.21,90.86,110.92
Jordan,JOR,2019,11,11/1/19,0.709,14.72,0.25,0.11,0.21,0.09,-0.71,-0.45,48,5,5,4,6,4,93.87,58,50,62,53,74.34,75.9,5.3,6,3.6,7.4,8.8,2.63,39.21,90.86,110.92
Jordan,JOR,2019,12,12/1/19,0.7092,14.72,0.25,0.11,0.21,0.09,-0.71,-0.45,48,5,5,4,6,4,93.87,58,50,62,53,74.34,75.9,5.3,6,3.6,7.4,8.8,2.63,39.21,90.86,110.92
Lebanon,LBN,2017,1,1/1/17,1507.9738,6.22,-0.82,-0.51,-1,-0.31,-0.58,-1.63,28,5,4,5,6,6,64.51,44,23,52,50,78.83,88.2,8.7,7.6,5.7,7.4,9.3,2.36,47.19,88.43,666
Lebanon,LBN,2017,2,2/1/17,1508.9683,6.22,-0.82,-0.51,-1,-0.31,-0.58,-1.63,28,5,4,5,6,6,64.51,44,23,52,50,78.83,88.2,8.7,7.6,5.7,7.4,9.3,2.36,47.19,88.43,666
Lebanon,LBN,2017,3,3/1/17,1511.7569,6.22,-0.82,-0.51,-1,-0.31,-0.58,-1.63,28,5,4,5,6,6,64.51,44,23,52,50,78.83,88.2,8.7,7.6,5.7,7.4,9.3,2.36,47.19,88.43,666
Lebanon,LBN,2017,4,4/1/17,1511.7955,6.22,-0.82,-0.51,-1,-0.31,-0.58,-1.63,28,5,4,5,6,6,64.51,44,23,52,50,78.83,88.2,8.7,7.6,5.7,7.4,9.3,2.36,47.19,88.43,666
Lebanon,LBN,2017,5,5/1/17,1511.4825,6.22,-0.82,-0.51,-1,-0.31,-0.58,-1.63,28,5,4,5,6,6,64.51,44,23,52,50,78.83,88.2,8.7,7.6,5.7,7.4,9.3,2.36,47.19,88.43,666
Lebanon,LBN,2017,6,6/1/17,1510.5537,6.22,-0.82,-0.51,-1,-0.31,-0.58,-1.63,28,5,4,5,6,6,64.51,44,23,52,50,78.83,88.2,8.7,7.6,5.7,7.4,9.3,2.36,47.19,88.43,666
Lebanon,LBN,2017,7,7/1/17,1507.4474,6.22,-0.82,-0.51,-1,-0.31,-0.58,-1.63,28,5,4,5,6,6,64.51,44,23,52,50,78.83,88.2,8.7,7.6,5.7,7.4,9.3,2.36,47.19,88.43,666
Lebanon,LBN,2017,8,8/1/17,1506.6302,6.22,-0.82,-0.51,-1,-0.31,-0.58,-1.63,28,5,4,5,6,6,64.51,44,23,52,50,78.83,88.2,8.7,7.6,5.7,7.4,9.3,2.36,47.19,88.43,666
Lebanon,LBN,2017,9,9/1/17,1508.874,6.22,-0.82,-0.51,-1,-0.31,-0.58,-1.63,28,5,4,5,6,6,64.51,44,23,52,50,78.83,88.2,8.7,7.6,5.7,7.4,9.3,2.36,47.19,88.43,666
Lebanon,LBN,2017,10,10/1/17,1509.1953,6.22,-0.82,-0.51,-1,-0.31,-0.58,-1.63,28,5,4,5,6,6,64.51,44,23,52,50,78.83,88.2,8.7,7.6,5.7,7.4,9.3,2.36,47.19,88.43,666
Lebanon,LBN,2017,11,11/1/17,1510.6688,6.22,-0.82,-0.51,-1,-0.31,-0.58,-1.63,28,5,4,5,6,6,64.51,44,23,52,50,78.83,88.2,8.7,7.6,5.7,7.4,9.3,2.36,47.19,88.43,666
Lebanon,LBN,2017,12,12/1/17,1508.109,6.22,-0.82,-0.51,-1,-0.31,-0.58,-1.63,28,5,4,5,6,6,64.51,44,23,52,50,78.83,88.2,8.7,7.6,5.7,7.4,9.3,2.36,47.19,88.43,666
Lebanon,LBN,2018,1,1/1/18,1512.2335,6.14,-0.76,-0.64,-1.11,-0.34,-0.5,-1.64,28,6,4,5,7,6,64.5,40,20,49,44,78.88,86.8,8.4,7.3,5.4,7.3,9,2.39,47.26,88.59,669
Lebanon,LBN,2018,2,2/1/18,1512.6388,6.14,-0.76,-0.64,-1.11,-0.34,-0.5,-1.64,28,6,4,5,7,6,64.5,40,20,49,44,78.88,86.8,8.4,7.3,5.4,7.3,9,2.39,47.26,88.59,669
Lebanon,LBN,2018,3,3/1/18,1511.504,6.14,-0.76,-0.64,-1.11,-0.34,-0.5,-1.64,28,6,4,5,7,6,64.5,40,20,49,44,78.88,86.8,8.4,7.3,5.4,7.3,9,2.39,47.26,88.59,669
Lebanon,LBN,2018,4,4/1/18,1511.7142,6.14,-0.76,-0.64,-1.11,-0.34,-0.5,-1.64,28,6,4,5,7,6,64.5,40,20,49,44,78.88,86.8,8.4,7.3,5.4,7.3,9,2.39,47.26,88.59,669
Lebanon,LBN,2018,5,5/1/18,1511.6663,6.14,-0.76,-0.64,-1.11,-0.34,-0.5,-1.64,28,6,4,5,7,6,64.5,40,20,49,44,78.88,86.8,8.4,7.3,5.4,7.3,9,2.39,47.26,88.59,669
Lebanon,LBN,2018,6,6/1/18,1512.3604,6.14,-0.76,-0.64,-1.11,-0.34,-0.5,-1.64,28,6,4,5,7,6,64.5,40,20,49,44,78.88,86.8,8.4,7.3,5.4,7.3,9,2.39,47.26,88.59,669
Lebanon,LBN,2018,7,7/1/18,1509.5784,6.14,-0.76,-0.64,-1.11,-0.34,-0.5,-1.64,28,6,4,5,7,6,64.5,40,20,49,44,78.88,86.8,8.4,7.3,5.4,7.3,9,2.39,47.26,88.59,669
Lebanon,LBN,2018,8,8/1/18,1512.4097,6.14,-0.76,-0.64,-1.11,-0.34,-0.5,-1.64,28,6,4,5,7,6,64.5,40,20,49,44,78.88,86.8,8.4,7.3,5.4,7.3,9,2.39,47.26,88.59,669
Lebanon,LBN,2018,9,9/1/18,1513.6719,6.14,-0.76,-0.64,-1.11,-0.34,-0.5,-1.64,28,6,4,5,7,6,64.5,40,20,49,44,78.88,86.8,8.4,7.3,5.4,7.3,9,2.39,47.26,88.59,669
Lebanon,LBN,2018,10,10/1/18,1512.971,6.14,-0.76,-0.64,-1.11,-0.34,-0.5,-1.64,28,6,4,5,7,6,64.5,40,20,49,44,78.88,86.8,8.4,7.3,5.4,7.3,9,2.39,47.26,88.59,669
Lebanon,LBN,2018,11,11/1/18,1511.3463,6.14,-0.76,-0.64,-1.11,-0.34,-0.5,-1.64,28,6,4,5,7,6,64.5,40,20,49,44,78.88,86.8,8.4,7.3,5.4,7.3,9,2.39,47.26,88.59,669
Lebanon,LBN,2018,12,12/1/18,1508.4466,6.14,-0.76,-0.64,-1.11,-0.34,-0.5,-1.64,28,6,4,5,7,6,64.5,40,20,49,44,78.88,86.8,8.4,7.3,5.4,7.3,9,2.39,47.26,88.59,669
Lebanon,LBN,2019,1,1/1/19,1508.2084,6.23,-0.79,-0.58,-1.06,-0.33,-0.54,-1.64,28,5,4,5,7,6,64.51,40,18,48,47,78.86,85,8.1,7.1,5.1,7.2,8.7,2.41,47.32,88.51,667.5
Lebanon,LBN,2019,2,2/1/19,1508.8022,6.23,-0.79,-0.58,-1.06,-0.33,-0.54,-1.64,28,5,4,5,7,6,64.51,40,18,48,47,78.86,85,8.1,7.1,5.1,7.2,8.7,2.41,47.32,88.51,667.5
Lebanon,LBN,2019,3,3/1/19,1509.3723,6.23,-0.79,-0.58,-1.06,-0.33,-0.54,-1.64,28,5,4,5,7,6,64.51,40,18,48,47,78.86,85,8.1,7.1,5.1,7.2,8.7,2.41,47.32,88.51,667.5
Lebanon,LBN,2019,4,4/1/19,1508.6048,6.23,-0.79,-0.58,-1.06,-0.33,-0.54,-1.64,28,5,4,5,7,6,64.51,40,18,48,47,78.86,85,8.1,7.1,5.1,7.2,8.7,2.41,47.32,88.51,667.5
Lebanon,LBN,2019,5,5/1/19,1515.2442,6.23,-0.79,-0.58,-1.06,-0.33,-0.54,-1.64,28,5,4,5,7,6,64.51,40,18,48,47,78.86,85,8.1,7.1,5.1,7.2,8.7,2.41,47.32,88.51,667.5
Lebanon,LBN,2019,6,6/1/19,1510.7079,6.23,-0.79,-0.58,-1.06,-0.33,-0.54,-1.64,28,5,4,5,7,6,64.51,40,18,48,47,78.86,85,8.1,7.1,5.1,7.2,8.7,2.41,47.32,88.51,667.5
Lebanon,LBN,2019,7,7/1/19,1512.3311,6.23,-0.79,-0.58,-1.06,-0.33,-0.54,-1.64,28,5,4,5,7,6,64.51,40,18,48,47,78.86,85,8.1,7.1,5.1,7.2,8.7,2.41,47.32,88.51,667.5
Lebanon,LBN,2019,8,8/1/19,1509.7408,6.23,-0.79,-0.58,-1.06,-0.33,-0.54,-1.64,28,5,4,5,7,6,64.51,40,18,48,47,78.86,85,8.1,7.1,5.1,7.2,8.7,2.41,47.32,88.51,667.5
Lebanon,LBN,2019,9,9/1/19,1510.3035,6.23,-0.79,-0.58,-1.06,-0.33,-0.54,-1.64,28,5,4,5,7,6,64.51,40,18,48,47,78.86,85,8.1,7.1,5.1,7.2,8.7,2.41,47.32,88.51,667.5
Lebanon,LBN,2019,10,10/1/19,1510.4788,6.23,-0.79,-0.58,-1.06,-0.33,-0.54,-1.64,28,5,4,5,7,6,64.51,40,18,48,47,78.86,85,8.1,7.1,5.1,7.2,8.7,2.41,47.32,88.51,667.5
Lebanon,LBN,2019,11,11/1/19,1512.0611,6.23,-0.79,-0.58,-1.06,-0.33,-0.54,-1.64,28,5,4,5,7,6,64.51,40,18,48,47,78.86,85,8.1,7.1,5.1,7.2,8.7,2.41,47.32,88.51,667.5
Lebanon,LBN,2019,12,12/1/19,1511.0018,6.23,-0.79,-0.58,-1.06,-0.33,-0.54,-1.64,28,5,4,5,7,6,64.51,40,18,48,47,78.86,85,8.1,7.1,5.1,7.2,8.7,2.41,47.32,88.51,667.5
Saudi Arabia,SAU,2017,1,1/1/17,3.7507,5.89,0.1,0.26,0.36,0,-1.68,-0.58,49,7,7,2,3,4,121.48,62,46,74,69,74.87,71.2,6.3,8,3.8,9.1,4.7,13.92,56.26,83.62,15
Saudi Arabia,SAU,2017,2,2/1/17,3.7504,5.89,0.1,0.26,0.36,0,-1.68,-0.58,49,7,7,2,3,4,121.48,62,46,74,69,74.87,71.2,6.3,8,3.8,9.1,4.7,13.92,56.26,83.62,15
Saudi Arabia,SAU,2017,3,3/1/17,3.7503,5.89,0.1,0.26,0.36,0,-1.68,-0.58,49,7,7,2,3,4,121.48,62,46,74,69,74.87,71.2,6.3,8,3.8,9.1,4.7,13.92,56.26,83.62,15
Saudi Arabia,SAU,2017,4,4/1/17,3.7506,5.89,0.1,0.26,0.36,0,-1.68,-0.58,49,7,7,2,3,4,121.48,62,46,74,69,74.87,71.2,6.3,8,3.8,9.1,4.7,13.92,56.26,83.62,15
Saudi Arabia,SAU,2017,5,5/1/17,3.7504,5.89,0.1,0.26,0.36,0,-1.68,-0.58,49,7,7,2,3,4,121.48,62,46,74,69,74.87,71.2,6.3,8,3.8,9.1,4.7,13.92,56.26,83.62,15
Saudi Arabia,SAU,2017,6,6/1/17,3.7505,5.89,0.1,0.26,0.36,0,-1.68,-0.58,49,7,7,2,3,4,121.48,62,46,74,69,74.87,71.2,6.3,8,3.8,9.1,4.7,13.92,56.26,83.62,15
Saudi Arabia,SAU,2017,7,7/1/17,3.7503,5.89,0.1,0.26,0.36,0,-1.68,-0.58,49,7,7,2,3,4,121.48,62,46,74,69,74.87,71.2,6.3,8,3.8,9.1,4.7,13.92,56.26,83.62,15
Saudi Arabia,SAU,2017,8,8/1/17,3.7502,5.89,0.1,0.26,0.36,0,-1.68,-0.58,49,7,7,2,3,4,121.48,62,46,74,69,74.87,71.2,6.3,8,3.8,9.1,4.7,13.92,56.26,83.62,15
Saudi Arabia,SAU,2017,9,9/1/17,3.7502,5.89,0.1,0.26,0.36,0,-1.68,-0.58,49,7,7,2,3,4,121.48,62,46,74,69,74.87,71.2,6.3,8,3.8,9.1,4.7,13.92,56.26,83.62,15
Saudi Arabia,SAU,2017,10,10/1/17,3.7503,5.89,0.1,0.26,0.36,0,-1.68,-0.58,49,7,7,2,3,4,121.48,62,46,74,69,74.87,71.2,6.3,8,3.8,9.1,4.7,13.92,56.26,83.62,15
Saudi Arabia,SAU,2017,11,11/1/17,3.7504,5.89,0.1,0.26,0.36,0,-1.68,-0.58,49,7,7,2,3,4,121.48,62,46,74,69,74.87,71.2,6.3,8,3.8,9.1,4.7,13.92,56.26,83.62,15
Saudi Arabia,SAU,2017,12,12/1/17,3.75,5.89,0.1,0.26,0.36,0,-1.68,-0.58,49,7,7,2,3,4,121.48,62,46,74,69,74.87,71.2,6.3,8,3.8,9.1,4.7,13.92,56.26,83.62,15
Saudi Arabia,SAU,2018,1,1/1/18,3.75,6.04,0.14,0.32,0.36,-0.05,-1.64,-0.52,49,7,7,2,3,4,122.57,53,50,74,65,75,70.2,6,8.3,3.5,9,4.4,14.28,56.54,83.84,16
Saudi Arabia,SAU,2018,2,2/1/18,3.7497,6.04,0.14,0.32,0.36,-0.05,-1.64,-0.52,49,7,7,2,3,4,122.57,53,50,74,65,75,70.2,6,8.3,3.5,9,4.4,14.28,56.54,83.84,16
Saudi Arabia,SAU,2018,3,3/1/18,3.7498,6.04,0.14,0.32,0.36,-0.05,-1.64,-0.52,49,7,7,2,3,4,122.57,53,50,74,65,75,70.2,6,8.3,3.5,9,4.4,14.28,56.54,83.84,16
Saudi Arabia,SAU,2018,4,4/1/18,3.7503,6.04,0.14,0.32,0.36,-0.05,-1.64,-0.52,49,7,7,2,3,4,122.57,53,50,74,65,75,70.2,6,8.3,3.5,9,4.4,14.28,56.54,83.84,16
Saudi Arabia,SAU,2018,5,5/1/18,3.7506,6.04,0.14,0.32,0.36,-0.05,-1.64,-0.52,49,7,7,2,3,4,122.57,53,50,74,65,75,70.2,6,8.3,3.5,9,4.4,14.28,56.54,83.84,16
Saudi Arabia,SAU,2018,6,6/1/18,3.7499,6.04,0.14,0.32,0.36,-0.05,-1.64,-0.52,49,7,7,2,3,4,122.57,53,50,74,65,75,70.2,6,8.3,3.5,9,4.4,14.28,56.54,83.84,16
Saudi Arabia,SAU,2018,7,7/1/18,3.7499,6.04,0.14,0.32,0.36,-0.05,-1.64,-0.52,49,7,7,2,3,4,122.57,53,50,74,65,75,70.2,6,8.3,3.5,9,4.4,14.28,56.54,83.84,16
Saudi Arabia,SAU,2018,8,8/1/18,3.7502,6.04,0.14,0.32,0.36,-0.05,-1.64,-0.52,49,7,7,2,3,4,122.57,53,50,74,65,75,70.2,6,8.3,3.5,9,4.4,14.28,56.54,83.84,16
Saudi Arabia,SAU,2018,9,9/1/18,3.7502,6.04,0.14,0.32,0.36,-0.05,-1.64,-0.52,49,7,7,2,3,4,122.57,53,50,74,65,75,70.2,6,8.3,3.5,9,4.4,14.28,56.54,83.84,16
Saudi Arabia,SAU,2018,10,10/1/18,3.7511,6.04,0.14,0.32,0.36,-0.05,-1.64,-0.52,49,7,7,2,3,4,122.57,53,50,74,65,75,70.2,6,8.3,3.5,9,4.4,14.28,56.54,83.84,16
Saudi Arabia,SAU,2018,11,11/1/18,3.7506,6.04,0.14,0.32,0.36,-0.05,-1.64,-0.52,49,7,7,2,3,4,122.57,53,50,74,65,75,70.2,6,8.3,3.5,9,4.4,14.28,56.54,83.84,16
Saudi Arabia,SAU,2018,12,12/1/18,3.7508,6.04,0.14,0.32,0.36,-0.05,-1.64,-0.52,49,7,7,2,3,4,122.57,53,50,74,65,75,70.2,6,8.3,3.5,9,4.4,14.28,56.54,83.84,16
Saudi Arabia,SAU,2019,1,1/1/19,3.7504,5.93,0.12,0.29,0.36,-0.025,-1.66,-0.55,53,7,7,2,3,4,122.03,55,50,72,63,74.94,70.4,6,8.4,3.2,9.3,4.4,14.63,56.81,83.73,15.5
Saudi Arabia,SAU,2019,2,2/1/19,3.7501,5.93,0.12,0.29,0.36,-0.025,-1.66,-0.55,53,7,7,2,3,4,122.03,55,50,72,63,74.94,70.4,6,8.4,3.2,9.3,4.4,14.63,56.81,83.73,15.5
Saudi Arabia,SAU,2019,3,3/1/19,3.7511,5.93,0.12,0.29,0.36,-0.025,-1.66,-0.55,53,7,7,2,3,4,122.03,55,50,72,63,74.94,70.4,6,8.4,3.2,9.3,4.4,14.63,56.81,83.73,15.5
Saudi Arabia,SAU,2019,4,4/1/19,3.7499,5.93,0.12,0.29,0.36,-0.025,-1.66,-0.55,53,7,7,2,3,4,122.03,55,50,72,63,74.94,70.4,6,8.4,3.2,9.3,4.4,14.63,56.81,83.73,15.5
Saudi Arabia,SAU,2019,5,5/1/19,3.7506,5.93,0.12,0.29,0.36,-0.025,-1.66,-0.55,53,7,7,2,3,4,122.03,55,50,72,63,74.94,70.4,6,8.4,3.2,9.3,4.4,14.63,56.81,83.73,15.5
Saudi Arabia,SAU,2019,6,6/1/19,3.7501,5.93,0.12,0.29,0.36,-0.025,-1.66,-0.55,53,7,7,2,3,4,122.03,55,50,72,63,74.94,70.4,6,8.4,3.2,9.3,4.4,14.63,56.81,83.73,15.5
Saudi Arabia,SAU,2019,7,7/1/19,3.7504,5.93,0.12,0.29,0.36,-0.025,-1.66,-0.55,53,7,7,2,3,4,122.03,55,50,72,63,74.94,70.4,6,8.4,3.2,9.3,4.4,14.63,56.81,83.73,15.5
Saudi Arabia,SAU,2019,8,8/1/19,3.7495,5.93,0.12,0.29,0.36,-0.025,-1.66,-0.55,53,7,7,2,3,4,122.03,55,50,72,63,74.94,70.4,6,8.4,3.2,9.3,4.4,14.63,56.81,83.73,15.5
Saudi Arabia,SAU,2019,9,9/1/19,3.748,5.93,0.12,0.29,0.36,-0.025,-1.66,-0.55,53,7,7,2,3,4,122.03,55,50,72,63,74.94,70.4,6,8.4,3.2,9.3,4.4,14.63,56.81,83.73,15.5
Saudi Arabia,SAU,2019,10,10/1/19,3.7511,5.93,0.12,0.29,0.36,-0.025,-1.66,-0.55,53,7,7,2,3,4,122.03,55,50,72,63,74.94,70.4,6,8.4,3.2,9.3,4.4,14.63,56.81,83.73,15.5
Saudi Arabia,SAU,2019,11,11/1/19,3.75,5.93,0.12,0.29,0.36,-0.025,-1.66,-0.55,53,7,7,2,3,4,122.03,55,50,72,63,74.94,70.4,6,8.4,3.2,9.3,4.4,14.63,56.81,83.73,15.5
Saudi Arabia,SAU,2019,12,12/1/19,3.7509,5.93,0.12,0.29,0.36,-0.025,-1.66,-0.55,53,7,7,2,3,4,122.03,55,50,72,63,74.94,70.4,6,8.4,3.2,9.3,4.4,14.63,56.81,83.73,15.5
Syria,SYR,2017,1,1/1/17,213.976,8.36,-2.09,-1.77,-1.56,-1.83,-1.97,-2.62,14,7,7,7,7,7,90,37,30,66,56,70.97,110.6,9.8,9.9,9.2,9.8,9.8,4.83,41.52,53.5,93
Syria,SYR,2017,2,2/1/17,214.3518,8.36,-2.09,-1.77,-1.56,-1.83,-1.97,-2.62,14,7,7,7,7,7,90,37,30,66,56,70.97,110.6,9.8,9.9,9.2,9.8,9.8,4.83,41.52,53.5,93
Syria,SYR,2017,3,3/1/17,214.3726,8.36,-2.09,-1.77,-1.56,-1.83,-1.97,-2.62,14,7,7,7,7,7,90,37,30,66,56,70.97,110.6,9.8,9.9,9.2,9.8,9.8,4.83,41.52,53.5,93
Syria,SYR,2017,4,4/1/17,214.342,8.36,-2.09,-1.77,-1.56,-1.83,-1.97,-2.62,14,7,7,7,7,7,90,37,30,66,56,70.97,110.6,9.8,9.9,9.2,9.8,9.8,4.83,41.52,53.5,93
Syria,SYR,2017,5,5/1/17,214.3571,8.36,-2.09,-1.77,-1.56,-1.83,-1.97,-2.62,14,7,7,7,7,7,90,37,30,66,56,70.97,110.6,9.8,9.9,9.2,9.8,9.8,4.83,41.52,53.5,93
Syria,SYR,2017,6,6/1/17,214.3443,8.36,-2.09,-1.77,-1.56,-1.83,-1.97,-2.62,14,7,7,7,7,7,90,37,30,66,56,70.97,110.6,9.8,9.9,9.2,9.8,9.8,4.83,41.52,53.5,93
Syria,SYR,2017,7,7/1/17,214.3416,8.36,-2.09,-1.77,-1.56,-1.83,-1.97,-2.62,14,7,7,7,7,7,90,37,30,66,56,70.97,110.6,9.8,9.9,9.2,9.8,9.8,4.83,41.52,53.5,93
Syria,SYR,2017,8,8/1/17,514.9973,8.36,-2.09,-1.77,-1.56,-1.83,-1.97,-2.62,14,7,7,7,7,7,90,37,30,66,56,70.97,110.6,9.8,9.9,9.2,9.8,9.8,4.83,41.52,53.5,93
Syria,SYR,2017,9,9/1/17,514.9991,8.36,-2.09,-1.77,-1.56,-1.83,-1.97,-2.62,14,7,7,7,7,7,90,37,30,66,56,70.97,110.6,9.8,9.9,9.2,9.8,9.8,4.83,41.52,53.5,93
Syria,SYR,2017,10,10/1/17,514.9994,8.36,-2.09,-1.77,-1.56,-1.83,-1.97,-2.62,14,7,7,7,7,7,90,37,30,66,56,70.97,110.6,9.8,9.9,9.2,9.8,9.8,4.83,41.52,53.5,93
Syria,SYR,2017,11,11/1/17,514.9994,8.36,-2.09,-1.77,-1.56,-1.83,-1.97,-2.62,14,7,7,7,7,7,90,37,30,66,56,70.97,110.6,9.8,9.9,9.2,9.8,9.8,4.83,41.52,53.5,93
Syria,SYR,2017,12,12/1/17,514.9994,8.36,-2.09,-1.77,-1.56,-1.83,-1.97,-2.62,14,7,7,7,7,7,90,37,30,66,56,70.97,110.6,9.8,9.9,9.2,9.8,9.8,4.83,41.52,53.5,93
Syria,SYR,2018,1,1/1/18,514.9994,8.26,-2.05,-1.67,-1.63,-1.8,-1.96,-2.74,13,7,7,7,7,7,101.09,37,23,62,59,71.78,111.4,9.9,9.9,9.3,9.9,10,4.77,41.15,54.16,92
Syria,SYR,2018,2,2/1/18,514.9994,8.26,-2.05,-1.67,-1.63,-1.8,-1.96,-2.74,13,7,7,7,7,7,101.09,37,23,62,59,71.78,111.4,9.9,9.9,9.3,9.9,10,4.77,41.15,54.16,92
Syria,SYR,2018,3,3/1/18,514.9994,8.26,-2.05,-1.67,-1.63,-1.8,-1.96,-2.74,13,7,7,7,7,7,101.09,37,23,62,59,71.78,111.4,9.9,9.9,9.3,9.9,10,4.77,41.15,54.16,92
Syria,SYR,2018,4,4/1/18,514.9994,8.26,-2.05,-1.67,-1.63,-1.8,-1.96,-2.74,13,7,7,7,7,7,101.09,37,23,62,59,71.78,111.4,9.9,9.9,9.3,9.9,10,4.77,41.15,54.16,92
Syria,SYR,2018,5,5/1/18,514.9994,8.26,-2.05,-1.67,-1.63,-1.8,-1.96,-2.74,13,7,7,7,7,7,101.09,37,23,62,59,71.78,111.4,9.9,9.9,9.3,9.9,10,4.77,41.15,54.16,92
Syria,SYR,2018,6,6/1/18,514.9994,8.26,-2.05,-1.67,-1.63,-1.8,-1.96,-2.74,13,7,7,7,7,7,101.09,37,23,62,59,71.78,111.4,9.9,9.9,9.3,9.9,10,4.77,41.15,54.16,92
Syria,SYR,2018,7,7/1/18,514.9994,8.26,-2.05,-1.67,-1.63,-1.8,-1.96,-2.74,13,7,7,7,7,7,101.09,37,23,62,59,71.78,111.4,9.9,9.9,9.3,9.9,10,4.77,41.15,54.16,92
Syria,SYR,2018,8,8/1/18,514.9994,8.26,-2.05,-1.67,-1.63,-1.8,-1.96,-2.74,13,7,7,7,7,7,101.09,37,23,62,59,71.78,111.4,9.9,9.9,9.3,9.9,10,4.77,41.15,54.16,92
Syria,SYR,2018,9,9/1/18,514.9994,8.26,-2.05,-1.67,-1.63,-1.8,-1.96,-2.74,13,7,7,7,7,7,101.09,37,23,62,59,71.78,111.4,9.9,9.9,9.3,9.9,10,4.77,41.15,54.16,92
Syria,SYR,2018,10,10/1/18,514.9994,8.26,-2.05,-1.67,-1.63,-1.8,-1.96,-2.74,13,7,7,7,7,7,101.09,37,23,62,59,71.78,111.4,9.9,9.9,9.3,9.9,10,4.77,41.15,54.16,92
Syria,SYR,2018,11,11/1/18,514.9994,8.26,-2.05,-1.67,-1.63,-1.8,-1.96,-2.74,13,7,7,7,7,7,101.09,37,23,62,59,71.78,111.4,9.9,9.9,9.3,9.9,10,4.77,41.15,54.16,92
Syria,SYR,2018,12,12/1/18,514.9994,8.26,-2.05,-1.67,-1.63,-1.8,-1.96,-2.74,13,7,7,7,7,7,101.09,37,23,62,59,71.78,111.4,9.9,9.9,9.3,9.9,10,4.77,41.15,54.16,92
Syria,SYR,2019,1,1/1/19,514.9994,8.37,-2.07,-1.72,-1.595,-1.815,-1.965,-2.68,13,7,7,7,7,7,95.55,37,20,50,58,71.38,111.5,9.8,9.9,9.4,10,10,4.8,40.76,53.83,92.5
Syria,SYR,2019,2,2/1/19,514.9994,8.37,-2.07,-1.72,-1.595,-1.815,-1.965,-2.68,13,7,7,7,7,7,95.55,37,20,50,58,71.38,111.5,9.8,9.9,9.4,10,10,4.8,40.76,53.83,92.5
Syria,SYR,2019,3,3/1/19,514.9994,8.37,-2.07,-1.72,-1.595,-1.815,-1.965,-2.68,13,7,7,7,7,7,95.55,37,20,50,58,71.38,111.5,9.8,9.9,9.4,10,10,4.8,40.76,53.83,92.5
Syria,SYR,2019,4,4/1/19,514.9994,8.37,-2.07,-1.72,-1.595,-1.815,-1.965,-2.68,13,7,7,7,7,7,95.55,37,20,50,58,71.38,111.5,9.8,9.9,9.4,10,10,4.8,40.76,53.83,92.5
Syria,SYR,2019,5,5/1/19,514.9994,8.37,-2.07,-1.72,-1.595,-1.815,-1.965,-2.68,13,7,7,7,7,7,95.55,37,20,50,58,71.38,111.5,9.8,9.9,9.4,10,10,4.8,40.76,53.83,92.5
Syria,SYR,2019,6,6/1/19,514.9994,8.37,-2.07,-1.72,-1.595,-1.815,-1.965,-2.68,13,7,7,7,7,7,95.55,37,20,50,58,71.38,111.5,9.8,9.9,9.4,10,10,4.8,40.76,53.83,92.5
Syria,SYR,2019,7,7/1/19,514.9994,8.37,-2.07,-1.72,-1.595,-1.815,-1.965,-2.68,13,7,7,7,7,7,95.55,37,20,50,58,71.38,111.5,9.8,9.9,9.4,10,10,4.8,40.76,53.83,92.5
Syria,SYR,2019,8,8/1/19,514.9994,8.37,-2.07,-1.72,-1.595,-1.815,-1.965,-2.68,13,7,7,7,7,7,95.55,37,20,50,58,71.38,111.5,9.8,9.9,9.4,10,10,4.8,40.76,53.83,92.5
Syria,SYR,2019,9,9/1/19,514.9994,8.37,-2.07,-1.72,-1.595,-1.815,-1.965,-2.68,13,7,7,7,7,7,95.55,37,20,50,58,71.38,111.5,9.8,9.9,9.4,10,10,4.8,40.76,53.83,92.5
Syria,SYR,2019,10,10/1/19,514.9994,8.37,-2.07,-1.72,-1.595,-1.815,-1.965,-2.68,13,7,7,7,7,7,95.55,37,20,50,58,71.38,111.5,9.8,9.9,9.4,10,10,4.8,40.76,53.83,92.5
Syria,SYR,2019,11,11/1/19,514.9994,8.37,-2.07,-1.72,-1.595,-1.815,-1.965,-2.68,13,7,7,7,7,7,95.55,37,20,50,58,71.38,111.5,9.8,9.9,9.4,10,10,4.8,40.76,53.83,92.5
Syria,SYR,2019,12,12/1/19,514.9994,8.37,-2.07,-1.72,-1.595,-1.815,-1.965,-2.68,13,7,7,7,7,7,95.55,37,20,50,58,71.38,111.5,9.8,9.9,9.4,10,10,4.8,40.76,53.83,92.5