Country,Code,Year,Month,Date,Consumer Price Index (CPI),Inflation monthly percent change in the CPI,Exchange rate USD,GDP per capita Purchasing Power Parity,Labor force million people,Unemployment rate,Foreign Direct Investment percent of GDP,Trade balance billion USD,Government debt as percent of GDP,Rule of law index (-2.5 weak; 2.5 strong),Government effectiveness index (-2.5 weak; 2.5 strong),Control of corruption (-2.5 weak; 2.5 strong),Regulatory quality index (-2.5 weak; 2.5 strong),Voice and accountability index (-2.5 weak; 2.5 strong),Political stability index (-2.5 weak; 2.5 strong),Corruption Perceptions Index 100 = no corruption,Political rights index 7 (weak) - 1 (strong),Civil liberties index 7 (weak) - 1 (strong) ,Short-term political risk (1=low 7=high),Medium/long-term political risk (1=low 7=high),Political violence risk (1=low 7=high),Internet users percent of population,Mobile phone subscribers per 100 people,Employment in agriculture % of total employment,Innovations index (0-100),Property rights index (0-100),Freedom from corruption index (0-100),Business freedom index (0-100),Labor freedom index (0-100),Population density people per square km,Life expectancy in years,GDP per capita Purchasing Power Parity,Fragile state index 0 (low) - 120 (high),Security threats index 0 (low) - 10 (high),State legitimacy index 0 (high) - 10 (low),Public services index 0 (high) - 10 (low),Human rights and rule of law index 0 (high) - 10 (low),Refugees and displaced persons index 0 (low) - 10 (high),Military spending percent of GDP,Labor force million people,Labor force participation rate,Percent urban population,Population density people per square km
Egypt,EGY,2017,1,1/1/17,227.5,4.31,18.6331,10672.8,30.66,11.74,3.15,-27.35,103.16,-0.54,-0.62,-0.55,-0.86,-1.25,-1.42,32,6,5,4,6,5,44.95,106.76,25.05,26,35,33,67,51,97,71.66,10672.8,89.8,8.1,8.2,4.9,9.8,7.3,1.42,30.66,48.01,42.71,97
Egypt,EGY,2017,2,2/1/17,233.7,2.73,17.2295,10672.8,30.66,11.74,3.15,-27.35,103.16,-0.54,-0.62,-0.55,-0.86,-1.25,-1.42,32,6,5,4,6,5,44.95,106.76,25.05,26,35,33,67,51,97,71.66,10672.8,89.8,8.1,8.2,4.9,9.8,7.3,1.42,30.66,48.01,42.71,97
Egypt,EGY,2017,3,3/1/17,238.5,2.05,17.6674,10672.8,30.66,11.74,3.15,-27.35,103.16,-0.54,-0.62,-0.55,-0.86,-1.25,-1.42,32,6,5,4,6,5,44.95,106.76,25.05,26,35,33,67,51,97,71.66,10672.8,89.8,8.1,8.2,4.9,9.8,7.3,1.42,30.66,48.01,42.71,97
Egypt,EGY,2017,4,4/1/17,242.7,1.76,18.0983,10672.8,30.66,11.74,3.15,-27.35,103.16,-0.54,-0.62,-0.55,-0.86,-1.25,-1.42,32,6,5,4,6,5,44.95,106.76,25.05,26,35,33,67,51,97,71.66,10672.8,89.8,8.1,8.2,4.9,9.8,7.3,1.42,30.66,48.01,42.71,97
Egypt,EGY,2017,5,5/1/17,246.5,1.57,18.0884,10672.8,30.66,11.74,3.15,-27.35,103.16,-0.54,-0.62,-0.55,-0.86,-1.25,-1.42,32,6,5,4,6,5,44.95,106.76,25.05,26,35,33,67,51,97,71.66,10672.8,89.8,8.1,8.2,4.9,9.8,7.3,1.42,30.66,48.01,42.71,97
Egypt,EGY,2017,6,6/1/17,248.4,0.77,18.1116,10672.8,30.66,11.74,3.15,-27.35,103.16,-0.54,-0.62,-0.55,-0.86,-1.25,-1.42,32,6,5,4,6,5,44.95,106.76,25.05,26,35,33,67,51,97,71.66,10672.8,89.8,8.1,8.2,4.9,9.8,7.3,1.42,30.66,48.01,42.71,97
Egypt,EGY,2017,7,7/1/17,256.6,3.3,17.9211,10672.8,30.66,11.74,3.15,-27.35,103.16,-0.54,-0.62,-0.55,-0.86,-1.25,-1.42,32,6,5,4,6,5,44.95,106.76,25.05,26,35,33,67,51,97,71.66,10672.8,89.8,8.1,8.2,4.9,9.8,7.3,1.42,30.66,48.01,42.71,97
Egypt,EGY,2017,8,8/1/17,259.6,1.17,17.7534,10672.8,30.66,11.74,3.15,-27.35,103.16,-0.54,-0.62,-0.55,-0.86,-1.25,-1.42,32,6,5,4,6,5,44.95,106.76,25.05,26,35,33,67,51,97,71.66,10672.8,89.8,8.1,8.2,4.9,9.8,7.3,1.42,30.66,48.01,42.71,97
Egypt,EGY,2017,9,9/1/17,262.3,1.04,17.6515,10672.8,30.66,11.74,3.15,-27.35,103.16,-0.54,-0.62,-0.55,-0.86,-1.25,-1.42,32,6,5,4,6,5,44.95,106.76,25.05,26,35,33,67,51,97,71.66,10672.8,89.8,8.1,8.2,4.9,9.8,7.3,1.42,30.66,48.01,42.71,97
Egypt,EGY,2017,10,10/1/17,264.8,0.95,17.6439,10672.8,30.66,11.74,3.15,-27.35,103.16,-0.54,-0.62,-0.55,-0.86,-1.25,-1.42,32,6,5,4,6,5,44.95,106.76,25.05,26,35,33,67,51,97,71.66,10672.8,89.8,8.1,8.2,4.9,9.8,7.3,1.42,30.66,48.01,42.71,97
Egypt,EGY,2017,11,11/1/17,267.4,0.98,17.6626,10672.8,30.66,11.74,3.15,-27.35,103.16,-0.54,-0.62,-0.55,-0.86,-1.25,-1.42,32,6,5,4,6,5,44.95,106.76,25.05,26,35,33,67,51,97,71.66,10672.8,89.8,8.1,8.2,4.9,9.8,7.3,1.42,30.66,48.01,42.71,97
Egypt,EGY,2017,12,12/1/17,266.8,-0.22,17.7886,10672.8,30.66,11.74,3.15,-27.35,103.16,-0.54,-0.62,-0.55,-0.86,-1.25,-1.42,32,6,5,4,6,5,44.95,106.76,25.05,26,35,33,67,51,97,71.66,10672.8,89.8,8.1,8.2,4.9,9.8,7.3,1.42,30.66,48.01,42.71,97
Egypt,EGY,2018,1,1/1/18,266.3,-0.19,17.6985,11013.74,31.32,11.59,3.24,-24.71,92.65,-0.41,-0.58,-0.59,-0.87,-1.28,-1.16,35,6,6,3,6,5,46.92,95.29,24.35,27.2,33,32,72,52,99,71.82,11013.74,88.7,8.2,8.3,4.6,9.9,7,1.25,31.32,48.08,42.7,99
Egypt,EGY,2018,2,2/1/18,267,0.26,17.6619,11013.74,31.32,11.59,3.24,-24.71,92.65,-0.41,-0.58,-0.59,-0.87,-1.28,-1.16,35,6,6,3,6,5,46.92,95.29,24.35,27.2,33,32,72,52,99,71.82,11013.74,88.7,8.2,8.3,4.6,9.9,7,1.25,31.32,48.08,42.7,99
Egypt,EGY,2018,3,3/1/18,269.8,1.05,17.6235,11013.74,31.32,11.59,3.24,-24.71,92.65,-0.41,-0.58,-0.59,-0.87,-1.28,-1.16,35,6,6,3,6,5,46.92,95.29,24.35,27.2,33,32,72,52,99,71.82,11013.74,88.7,8.2,8.3,4.6,9.9,7,1.25,31.32,48.08,42.7,99
Egypt,EGY,2018,4,4/1/18,273.9,1.52,17.6689,11013.74,31.32,11.59,3.24,-24.71,92.65,-0.41,-0.58,-0.59,-0.87,-1.28,-1.16,35,6,6,3,6,5,46.92,95.29,24.35,27.2,33,32,72,52,99,71.82,11013.74,88.7,8.2,8.3,4.6,9.9,7,1.25,31.32,48.08,42.7,99
Egypt,EGY,2018,5,5/1/18,274.7,0.29,17.7914,11013.74,31.32,11.59,3.24,-24.71,92.65,-0.41,-0.58,-0.59,-0.87,-1.28,-1.16,35,6,6,3,6,5,46.92,95.29,24.35,27.2,33,32,72,52,99,71.82,11013.74,88.7,8.2,8.3,4.6,9.9,7,1.25,31.32,48.08,42.7,99
Egypt,EGY,2018,6,6/1/18,282.7,2.91,17.8638,11013.74,31.32,11.59,3.24,-24.71,92.65,-0.41,-0.58,-0.59,-0.87,-1.28,-1.16,35,6,6,3,6,5,46.92,95.29,24.35,27.2,33,32,72,52,99,71.82,11013.74,88.7,8.2,8.3,4.6,9.9,7,1.25,31.32,48.08,42.7,99
Egypt,EGY,2018,7,7/1/18,289.9,2.55,17.8844,11013.74,31.32,11.59,3.24,-24.71,92.65,-0.41,-0.58,-0.59,-0.87,-1.28,-1.16,35,6,6,3,6,5,46.92,95.29,24.35,27.2,33,32,72,52,99,71.82,11013.74,88.7,8.2,8.3,4.6,9.9,7,1.25,31.32,48.08,42.7,99
Egypt,EGY,2018,8,8/1/18,294.9,1.72,17.8757,11013.74,31.32,11.59,3.24,-24.71,92.65,-0.41,-0.58,-0.59,-0.87,-1.28,-1.16,35,6,6,3,6,5,46.92,95.29,24.35,27.2,33,32,72,52,99,71.82,11013.74,88.7,8.2,8.3,4.6,9.9,7,1.25,31.32,48.08,42.7,99
Egypt,EGY,2018,9,9/1/18,302.7,2.64,17.8866,11013.74,31.32,11.59,3.24,-24.71,92.65,-0.41,-0.58,-0.59,-0.87,-1.28,-1.16,35,6,6,3,6,5,46.92,95.29,24.35,27.2,33,32,72,52,99,71.82,11013.74,88.7,8.2,8.3,4.6,9.9,7,1.25,31.32,48.08,42.7,99
Egypt,EGY,2018,10,10/1/18,311.2,2.81,17.9041,11013.74,31.32,11.59,3.24,-24.71,92.65,-0.41,-0.58,-0.59,-0.87,-1.28,-1.16,35,6,6,3,6,5,46.92,95.29,24.35,27.2,33,32,72,52,99,71.82,11013.74,88.7,8.2,8.3,4.6,9.9,7,1.25,31.32,48.08,42.7,99
Egypt,EGY,2018,11,11/1/18,309.1,-0.67,17.9012,11013.74,31.32,11.59,3.24,-24.71,92.65,-0.41,-0.58,-0.59,-0.87,-1.28,-1.16,35,6,6,3,6,5,46.92,95.29,24.35,27.2,33,32,72,52,99,71.82,11013.74,88.7,8.2,8.3,4.6,9.9,7,1.25,31.32,48.08,42.7,99
Egypt,EGY,2018,12,12/1/18,296.5,-4.08,17.9112,11013.74,31.32,11.59,3.24,-24.71,92.65,-0.41,-0.58,-0.59,-0.87,-1.28,-1.16,35,6,6,3,6,5,46.92,95.29,24.35,27.2,33,32,72,52,99,71.82,11013.74,88.7,8.2,8.3,4.6,9.9,7,1.25,31.32,48.08,42.7,99
Egypt,EGY,2019,1,1/1/19,98.5,-1.12,17.8693,,31.96,10.76,,,83.8,,,,,,,35,6,6,3,5,5,,,23.79,27.5,37,29,66,52,,,,88.4,8.2,8.6,4.3,10,6.7,,31.96,48.12,,
Egypt,EGY,2019,2,2/1/19,100.3,1.83,17.5722,,31.96,10.76,,,83.8,,,,,,,35,6,6,3,5,5,,,,,,,,,,,,88.4,8.2,8.6,4.3,10,6.7,,31.96,48.12,,
Egypt,EGY,2019,3,3/1/19,101.2,0.9,17.3747,,31.96,10.76,,,83.8,,,,,,,35,6,6,3,5,5,,,,,,,,,,,,88.4,8.2,8.6,4.3,10,6.7,,31.96,48.12,,
Egypt,EGY,2019,4,4/1/19,101.5,0.3,17.2501,,31.96,10.76,,,83.8,,,,,,,35,6,6,3,5,5,,,,,,,,,,,,88.4,8.2,8.6,4.3,10,6.7,,31.96,48.12,,
Egypt,EGY,2019,5,5/1/19,102.5,0.99,17.0201,,31.96,10.76,,,83.8,,,,,,,35,6,6,3,5,5,,,,,,,,,,,,88.4,8.2,8.6,4.3,10,6.7,,31.96,48.12,,
Egypt,EGY,2019,6,6/1/19,101.5,-0.98,16.7289,,31.96,10.76,,,83.8,,,,,,,35,6,6,3,5,5,,,,,,,,,,,,88.4,8.2,8.6,4.3,10,6.7,,31.96,48.12,,
Egypt,EGY,2019,7,7/1/19,103,1.48,16.6078,,31.96,10.76,,,83.8,,,,,,,35,6,6,3,5,5,,,,,,,,,,,,88.4,8.2,8.6,4.3,10,6.7,,31.96,48.12,,
Egypt,EGY,2019,8,8/1/19,103.7,0.68,16.551,,31.96,10.76,,,83.8,,,,,,,35,6,6,3,5,5,,,,,,,,,,,,88.4,8.2,8.6,4.3,10,6.7,,31.96,48.12,,
Egypt,EGY,2019,9,9/1/19,104,0.29,16.3779,,31.96,10.76,,,83.8,,,,,,,35,6,6,3,5,5,,,,,,,,,,,,88.4,8.2,8.6,4.3,10,6.7,,31.96,48.12,,
Egypt,EGY,2019,10,10/1/19,105.1,1.06,16.237,,31.96,10.76,,,83.8,,,,,,,35,6,6,3,5,5,,,,,,,,,,,,88.4,8.2,8.6,4.3,10,6.7,,31.96,48.12,,
Egypt,EGY,2019,11,11/1/19,104.6,-0.48,16.1269,,31.96,10.76,,,83.8,,,,,,,35,6,6,3,5,5,,,,,,,,,,,,88.4,8.2,8.6,4.3,10,6.7,,31.96,48.12,,
Egypt,EGY,2019,12,12/1/19,104.4,-0.19,16.0819,,31.96,10.76,,,83.8,,,,,,,35,6,6,3,5,5,,,,,,,,,,,,88.4,8.2,8.6,4.3,10,6.7,,31.96,48.12,,
Iraq,IRQ,2017,1,1/1/17,103.9,0.1,1181.5465,15923.74,9.77,13.02,-2.57,15.15,58.92,-1.64,-1.26,-1.37,-1.2,-1.05,-2.31,18,5,6,6,7,7,49.36,88.98,18.58,,37,19,61,68,87,70.29,15923.74,105.4,10,9.5,8.2,8.7,9.9,3.84,9.77,42.49,70.28,87
Iraq,IRQ,2017,2,2/1/17,104.1,0.19,1183.1528,15923.74,9.77,13.02,-2.57,15.15,58.92,-1.64,-1.26,-1.37,-1.2,-1.05,-2.31,18,5,6,6,7,7,49.36,88.98,18.58,,37,19,61,68,87,70.29,15923.74,105.4,10,9.5,8.2,8.7,9.9,3.84,9.77,42.49,70.28,87
Iraq,IRQ,2017,3,3/1/17,104.5,0.38,1175.5104,15923.74,9.77,13.02,-2.57,15.15,58.92,-1.64,-1.26,-1.37,-1.2,-1.05,-2.31,18,5,6,6,7,7,49.36,88.98,18.58,,37,19,61,68,87,70.29,15923.74,105.4,10,9.5,8.2,8.7,9.9,3.84,9.77,42.49,70.28,87
Iraq,IRQ,2017,4,4/1/17,105.1,0.57,1166.8338,15923.74,9.77,13.02,-2.57,15.15,58.92,-1.64,-1.26,-1.37,-1.2,-1.05,-2.31,18,5,6,6,7,7,49.36,88.98,18.58,,37,19,61,68,87,70.29,15923.74,105.4,10,9.5,8.2,8.7,9.9,3.84,9.77,42.49,70.28,87
Iraq,IRQ,2017,5,5/1/17,103.9,-1.14,1169.5933,15923.74,9.77,13.02,-2.57,15.15,58.92,-1.64,-1.26,-1.37,-1.2,-1.05,-2.31,18,5,6,6,7,7,49.36,88.98,18.58,,37,19,61,68,87,70.29,15923.74,105.4,10,9.5,8.2,8.7,9.9,3.84,9.77,42.49,70.28,87
Iraq,IRQ,2017,6,6/1/17,103.4,-0.48,1165.7296,15923.74,9.77,13.02,-2.57,15.15,58.92,-1.64,-1.26,-1.37,-1.2,-1.05,-2.31,18,5,6,6,7,7,49.36,88.98,18.58,,37,19,61,68,87,70.29,15923.74,105.4,10,9.5,8.2,8.7,9.9,3.84,9.77,42.49,70.28,87
Iraq,IRQ,2017,7,7/1/17,104.1,0.68,1167.7949,15923.74,9.77,13.02,-2.57,15.15,58.92,-1.64,-1.26,-1.37,-1.2,-1.05,-2.31,18,5,6,6,7,7,49.36,88.98,18.58,,37,19,61,68,87,70.29,15923.74,105.4,10,9.5,8.2,8.7,9.9,3.84,9.77,42.49,70.28,87
Iraq,IRQ,2017,8,8/1/17,104.6,0.48,1166.7941,15923.74,9.77,13.02,-2.57,15.15,58.92,-1.64,-1.26,-1.37,-1.2,-1.05,-2.31,18,5,6,6,7,7,49.36,88.98,18.58,,37,19,61,68,87,70.29,15923.74,105.4,10,9.5,8.2,8.7,9.9,3.84,9.77,42.49,70.28,87
Iraq,IRQ,2017,9,9/1/17,105,0.38,1168.2657,15923.74,9.77,13.02,-2.57,15.15,58.92,-1.64,-1.26,-1.37,-1.2,-1.05,-2.31,18,5,6,6,7,7,49.36,88.98,18.58,,37,19,61,68,87,70.29,15923.74,105.4,10,9.5,8.2,8.7,9.9,3.84,9.77,42.49,70.28,87
Iraq,IRQ,2017,10,10/1/17,104.4,-0.57,1167.6759,15923.74,9.77,13.02,-2.57,15.15,58.92,-1.64,-1.26,-1.37,-1.2,-1.05,-2.31,18,5,6,6,7,7,49.36,88.98,18.58,,37,19,61,68,87,70.29,15923.74,105.4,10,9.5,8.2,8.7,9.9,3.84,9.77,42.49,70.28,87
Iraq,IRQ,2017,11,11/1/17,104.3,-0.1,1166.9656,15923.74,9.77,13.02,-2.57,15.15,58.92,-1.64,-1.26,-1.37,-1.2,-1.05,-2.31,18,5,6,6,7,7,49.36,88.98,18.58,,37,19,61,68,87,70.29,15923.74,105.4,10,9.5,8.2,8.7,9.9,3.84,9.77,42.49,70.28,87
Iraq,IRQ,2017,12,12/1/17,104.6,0.29,1190.3617,15923.74,9.77,13.02,-2.57,15.15,58.92,-1.64,-1.26,-1.37,-1.2,-1.05,-2.31,18,5,6,6,7,7,49.36,88.98,18.58,,37,19,61,68,87,70.29,15923.74,105.4,10,9.5,8.2,8.7,9.9,3.84,9.77,42.49,70.28,87
Iraq,IRQ,2018,1,1/1/18,104.3,-0.29,1185.9583,15471.25,10.08,12.86,-2.18,35.05,,-1.76,-1.32,-1.4,-1.22,-0.99,-2.56,18,5,6,6,7,7,75,95.04,18.38,,37,23,59,70,89,70.45,15471.25,102.2,9,9.2,8.3,8.4,9.6,2.73,10.08,42.55,70.47,89
Iraq,IRQ,2018,2,2/1/18,104,-0.29,1189.4762,15471.25,10.08,12.86,-2.18,35.05,,-1.76,-1.32,-1.4,-1.22,-0.99,-2.56,18,5,6,6,7,7,75,95.04,18.38,,37,23,59,70,89,70.45,15471.25,102.2,9,9.2,8.3,8.4,9.6,2.73,10.08,42.55,70.47,89
Iraq,IRQ,2018,3,3/1/18,103.7,-0.29,1187.7763,15471.25,10.08,12.86,-2.18,35.05,,-1.76,-1.32,-1.4,-1.22,-0.99,-2.56,18,5,6,6,7,7,75,95.04,18.38,,37,23,59,70,89,70.45,15471.25,102.2,9,9.2,8.3,8.4,9.6,2.73,10.08,42.55,70.47,89
Iraq,IRQ,2018,4,4/1/18,103.7,0,1191.6422,15471.25,10.08,12.86,-2.18,35.05,,-1.76,-1.32,-1.4,-1.22,-0.99,-2.56,18,5,6,6,7,7,75,95.04,18.38,,37,23,59,70,89,70.45,15471.25,102.2,9,9.2,8.3,8.4,9.6,2.73,10.08,42.55,70.47,89
Iraq,IRQ,2018,5,5/1/18,104.6,0.87,1193.2877,15471.25,10.08,12.86,-2.18,35.05,,-1.76,-1.32,-1.4,-1.22,-0.99,-2.56,18,5,6,6,7,7,75,95.04,18.38,,37,23,59,70,89,70.45,15471.25,102.2,9,9.2,8.3,8.4,9.6,2.73,10.08,42.55,70.47,89
Iraq,IRQ,2018,6,6/1/18,105.2,0.57,1192.9193,15471.25,10.08,12.86,-2.18,35.05,,-1.76,-1.32,-1.4,-1.22,-0.99,-2.56,18,5,6,6,7,7,75,95.04,18.38,,37,23,59,70,89,70.45,15471.25,102.2,9,9.2,8.3,8.4,9.6,2.73,10.08,42.55,70.47,89
Iraq,IRQ,2018,7,7/1/18,105.9,0.67,1190.9551,15471.25,10.08,12.86,-2.18,35.05,,-1.76,-1.32,-1.4,-1.22,-0.99,-2.56,18,5,6,6,7,7,75,95.04,18.38,,37,23,59,70,89,70.45,15471.25,102.2,9,9.2,8.3,8.4,9.6,2.73,10.08,42.55,70.47,89
Iraq,IRQ,2018,8,8/1/18,104.8,-1.04,1191.688,15471.25,10.08,12.86,-2.18,35.05,,-1.76,-1.32,-1.4,-1.22,-0.99,-2.56,18,5,6,6,7,7,75,95.04,18.38,,37,23,59,70,89,70.45,15471.25,102.2,9,9.2,8.3,8.4,9.6,2.73,10.08,42.55,70.47,89
Iraq,IRQ,2018,9,9/1/18,105.1,0.29,1192.5248,15471.25,10.08,12.86,-2.18,35.05,,-1.76,-1.32,-1.4,-1.22,-0.99,-2.56,18,5,6,6,7,7,75,95.04,18.38,,37,23,59,70,89,70.45,15471.25,102.2,9,9.2,8.3,8.4,9.6,2.73,10.08,42.55,70.47,89
Iraq,IRQ,2018,10,10/1/18,105.6,0.48,1192.5464,15471.25,10.08,12.86,-2.18,35.05,,-1.76,-1.32,-1.4,-1.22,-0.99,-2.56,18,5,6,6,7,7,75,95.04,18.38,,37,23,59,70,89,70.45,15471.25,102.2,9,9.2,8.3,8.4,9.6,2.73,10.08,42.55,70.47,89
Iraq,IRQ,2018,11,11/1/18,105.1,-0.47,1191.7659,15471.25,10.08,12.86,-2.18,35.05,,-1.76,-1.32,-1.4,-1.22,-0.99,-2.56,18,5,6,6,7,7,75,95.04,18.38,,37,23,59,70,89,70.45,15471.25,102.2,9,9.2,8.3,8.4,9.6,2.73,10.08,42.55,70.47,89
Iraq,IRQ,2018,12,12/1/18,104.5,-0.57,1192.5211,15471.25,10.08,12.86,-2.18,35.05,,-1.76,-1.32,-1.4,-1.22,-0.99,-2.56,18,5,6,6,7,7,75,95.04,18.38,,37,23,59,70,89,70.45,15471.25,102.2,9,9.2,8.3,8.4,9.6,2.73,10.08,42.55,70.47,89
Iraq,IRQ,2019,1,1/1/19,104.9,0.38,1191.6544,,10.38,12.82,,,,,,,,,,20,5,6,6,7,6,,,18.1,,37,20,54,53,,,,99.1,8.7,8.9,8.7,8.1,9.1,,10.38,42.6,,
Iraq,IRQ,2019,2,2/1/19,104.4,-0.48,1192.596,,10.38,12.82,,,,,,,,,,20,5,6,6,7,6,,,18.1,,37,20,54,53,,,,99.1,8.7,8.9,8.7,8.1,9.1,,10.38,42.6,,
Iraq,IRQ,2019,3,3/1/19,105.2,0.77,1192.4175,,10.38,12.82,,,,,,,,,,20,5,6,6,7,6,,,18.1,,37,20,54,53,,,,99.1,8.7,8.9,8.7,8.1,9.1,,10.38,42.6,,
Iraq,IRQ,2019,4,4/1/19,104.4,-0.76,1192.8303,,10.38,12.82,,,,,,,,,,20,5,6,6,7,6,,,18.1,,37,20,54,53,,,,99.1,8.7,8.9,8.7,8.1,9.1,,10.38,42.6,,
Iraq,IRQ,2019,5,5/1/19,103.8,-0.57,1192.2113,,10.38,12.82,,,,,,,,,,20,5,6,6,7,6,,,18.1,,37,20,54,53,,,,99.1,8.7,8.9,8.7,8.1,9.1,,10.38,42.6,,
Iraq,IRQ,2019,6,6/1/19,104.2,0.39,1191.5321,,10.38,12.82,,,,,,,,,,20,5,6,6,7,6,,,18.1,,37,20,54,53,,,,99.1,8.7,8.9,8.7,8.1,9.1,,10.38,42.6,,
Iraq,IRQ,2019,7,7/1/19,104.2,0,1192.3488,,10.38,12.82,,,,,,,,,,20,5,6,6,7,6,,,18.1,,37,20,54,53,,,,99.1,8.7,8.9,8.7,8.1,9.1,,10.38,42.6,,
Iraq,IRQ,2019,8,8/1/19,104.5,0.29,1191.3261,,10.38,12.82,,,,,,,,,,20,5,6,6,7,6,,,18.1,,37,20,54,53,,,,99.1,8.7,8.9,8.7,8.1,9.1,,10.38,42.6,,
Iraq,IRQ,2019,9,9/1/19,104.2,-0.29,1192.2557,,10.38,12.82,,,,,,,,,,20,5,6,6,7,6,,,18.1,,37,20,54,53,,,,99.1,8.7,8.9,8.7,8.1,9.1,,10.38,42.6,,
Iraq,IRQ,2019,10,10/1/19,104.8,0.58,1191.2479,,10.38,12.82,,,,,,,,,,20,5,6,6,7,6,,,18.1,,37,20,54,53,,,,99.1,8.7,8.9,8.7,8.1,9.1,,10.38,42.6,,
Iraq,IRQ,2019,11,11/1/19,104.8,0,1192.4877,,10.38,12.82,,,,,,,,,,20,5,6,6,7,6,,,18.1,,37,20,54,53,,,,99.1,8.7,8.9,8.7,8.1,9.1,,10.38,42.6,,
Iraq,IRQ,2019,12,12/1/19,104.6,-0.19,1192.01,,10.38,12.82,,,,,,,,,,20,5,6,6,7,6,,,18.1,,37,20,54,53,,,,99.1,8.7,8.9,8.7,8.1,9.1,,10.38,42.6,,
Jordan,JOR,2017,1,1/1/17,118.17,1,0.7089,8399.97,2.51,15.11,4.99,-8.64,94.3,0.26,0.11,0.26,0.1,-0.72,-0.5,48,5,5,4,5,4,66.79,99.16,3.2,30.5,60,50,64,58,110,74.29,8399.97,78.7,5.7,6.3,4.2,7.9,9.6,4.84,2.51,39.37,90.75,110
Jordan,JOR,2017,2,2/1/17,119.12,0.8,0.7089,8399.97,2.51,15.11,4.99,-8.64,94.3,0.26,0.11,0.26,0.1,-0.72,-0.5,48,5,5,4,5,4,66.79,99.16,3.2,30.5,60,50,64,58,110,74.29,8399.97,78.7,5.7,6.3,4.2,7.9,9.6,4.84,2.51,39.37,90.75,110
Jordan,JOR,2017,3,3/1/17,118.78,-0.29,0.709,8399.97,2.51,15.11,4.99,-8.64,94.3,0.26,0.11,0.26,0.1,-0.72,-0.5,48,5,5,4,5,4,66.79,99.16,3.2,30.5,60,50,64,58,110,74.29,8399.97,78.7,5.7,6.3,4.2,7.9,9.6,4.84,2.51,39.37,90.75,110
Jordan,JOR,2017,4,4/1/17,118.8,0.02,0.7094,8399.97,2.51,15.11,4.99,-8.64,94.3,0.26,0.11,0.26,0.1,-0.72,-0.5,48,5,5,4,5,4,66.79,99.16,3.2,30.5,60,50,64,58,110,74.29,8399.97,78.7,5.7,6.3,4.2,7.9,9.6,4.84,2.51,39.37,90.75,110
Jordan,JOR,2017,5,5/1/17,118.88,0.07,0.7097,8399.97,2.51,15.11,4.99,-8.64,94.3,0.26,0.11,0.26,0.1,-0.72,-0.5,48,5,5,4,5,4,66.79,99.16,3.2,30.5,60,50,64,58,110,74.29,8399.97,78.7,5.7,6.3,4.2,7.9,9.6,4.84,2.51,39.37,90.75,110
Jordan,JOR,2017,6,6/1/17,119.03,0.13,0.7098,8399.97,2.51,15.11,4.99,-8.64,94.3,0.26,0.11,0.26,0.1,-0.72,-0.5,48,5,5,4,5,4,66.79,99.16,3.2,30.5,60,50,64,58,110,74.29,8399.97,78.7,5.7,6.3,4.2,7.9,9.6,4.84,2.51,39.37,90.75,110
Jordan,JOR,2017,7,7/1/17,118.56,-0.39,0.7097,8399.97,2.51,15.11,4.99,-8.64,94.3,0.26,0.11,0.26,0.1,-0.72,-0.5,48,5,5,4,5,4,66.79,99.16,3.2,30.5,60,50,64,58,110,74.29,8399.97,78.7,5.7,6.3,4.2,7.9,9.6,4.84,2.51,39.37,90.75,110
Jordan,JOR,2017,8,8/1/17,119.13,0.48,0.7088,8399.97,2.51,15.11,4.99,-8.64,94.3,0.26,0.11,0.26,0.1,-0.72,-0.5,48,5,5,4,5,4,66.79,99.16,3.2,30.5,60,50,64,58,110,74.29,8399.97,78.7,5.7,6.3,4.2,7.9,9.6,4.84,2.51,39.37,90.75,110
Jordan,JOR,2017,9,9/1/17,120,0.73,0.7089,8399.97,2.51,15.11,4.99,-8.64,94.3,0.26,0.11,0.26,0.1,-0.72,-0.5,48,5,5,4,5,4,66.79,99.16,3.2,30.5,60,50,64,58,110,74.29,8399.97,78.7,5.7,6.3,4.2,7.9,9.6,4.84,2.51,39.37,90.75,110
Jordan,JOR,2017,10,10/1/17,120.26,0.22,0.709,8399.97,2.51,15.11,4.99,-8.64,94.3,0.26,0.11,0.26,0.1,-0.72,-0.5,48,5,5,4,5,4,66.79,99.16,3.2,30.5,60,50,64,58,110,74.29,8399.97,78.7,5.7,6.3,4.2,7.9,9.6,4.84,2.51,39.37,90.75,110
Jordan,JOR,2017,11,11/1/17,120.44,0.15,0.709,8399.97,2.51,15.11,4.99,-8.64,94.3,0.26,0.11,0.26,0.1,-0.72,-0.5,48,5,5,4,5,4,66.79,99.16,3.2,30.5,60,50,64,58,110,74.29,8399.97,78.7,5.7,6.3,4.2,7.9,9.6,4.84,2.51,39.37,90.75,110
Jordan,JOR,2017,12,12/1/17,120.84,0.33,0.7093,8399.97,2.51,15.11,4.99,-8.64,94.3,0.26,0.11,0.26,0.1,-0.72,-0.5,48,5,5,4,5,4,66.79,99.16,3.2,30.5,60,50,64,58,110,74.29,8399.97,78.7,5.7,6.3,4.2,7.9,9.6,4.84,2.51,39.37,90.75,110
Jordan,JOR,2018,1,1/1/18,121.67,0.69,0.7096,8399.97,2.51,15.11,4.99,-8.64,94.3,0.26,0.11,0.26,0.1,-0.72,-0.5,48,5,5,4,5,4,66.79,99.16,3.2,30.5,60,50,64,58,110,74.29,8399.97,78.7,5.7,6.3,4.2,7.9,9.6,4.84,2.51,39.37,90.75,110
Jordan,JOR,2018,2,2/1/18,123.46,1.47,0.7095,8410.86,2.57,14.96,2.25,-7.71,94.4,0.23,0.11,0.15,0.08,-0.7,-0.38,49,5,5,4,5,4,,87.62,3.13,30.8,58,52,63,59,112,74.4,8410.86,76.8,5.6,6.1,3.9,7.7,9.1,4.68,2.57,39.3,90.98,112
Jordan,JOR,2018,3,3/1/18,123.99,0.43,0.7093,8410.86,2.57,14.96,2.25,-7.71,94.4,0.23,0.11,0.15,0.08,-0.7,-0.38,49,5,5,4,5,4,,87.62,3.13,30.8,58,52,63,59,112,74.4,8410.86,76.8,5.6,6.1,3.9,7.7,9.1,4.68,2.57,39.3,90.98,112
Jordan,JOR,2018,4,4/1/18,124.28,0.23,0.7094,8410.86,2.57,14.96,2.25,-7.71,94.4,0.23,0.11,0.15,0.08,-0.7,-0.38,49,5,5,4,5,4,,87.62,3.13,30.8,58,52,63,59,112,74.4,8410.86,76.8,5.6,6.1,3.9,7.7,9.1,4.68,2.57,39.3,90.98,112
Jordan,JOR,2018,5,5/1/18,124.93,0.52,0.7095,8410.86,2.57,14.96,2.25,-7.71,94.4,0.23,0.11,0.15,0.08,-0.7,-0.38,49,5,5,4,5,4,,87.62,3.13,30.8,58,52,63,59,112,74.4,8410.86,76.8,5.6,6.1,3.9,7.7,9.1,4.68,2.57,39.3,90.98,112
Jordan,JOR,2018,6,6/1/18,125.07,0.11,0.7096,8410.86,2.57,14.96,2.25,-7.71,94.4,0.23,0.11,0.15,0.08,-0.7,-0.38,49,5,5,4,5,4,,87.62,3.13,30.8,58,52,63,59,112,74.4,8410.86,76.8,5.6,6.1,3.9,7.7,9.1,4.68,2.57,39.3,90.98,112
Jordan,JOR,2018,7,7/1/18,125.3,0.18,0.7095,8410.86,2.57,14.96,2.25,-7.71,94.4,0.23,0.11,0.15,0.08,-0.7,-0.38,49,5,5,4,5,4,,87.62,3.13,30.8,58,52,63,59,112,74.4,8410.86,76.8,5.6,6.1,3.9,7.7,9.1,4.68,2.57,39.3,90.98,112
Jordan,JOR,2018,8,8/1/18,125.48,0.15,0.7096,8410.86,2.57,14.96,2.25,-7.71,94.4,0.23,0.11,0.15,0.08,-0.7,-0.38,49,5,5,4,5,4,,87.62,3.13,30.8,58,52,63,59,112,74.4,8410.86,76.8,5.6,6.1,3.9,7.7,9.1,4.68,2.57,39.3,90.98,112
Jordan,JOR,2018,9,9/1/18,125.25,-0.18,0.7098,8410.86,2.57,14.96,2.25,-7.71,94.4,0.23,0.11,0.15,0.08,-0.7,-0.38,49,5,5,4,5,4,,87.62,3.13,30.8,58,52,63,59,112,74.4,8410.86,76.8,5.6,6.1,3.9,7.7,9.1,4.68,2.57,39.3,90.98,112
Jordan,JOR,2018,10,10/1/18,125.09,-0.13,0.7095,8410.86,2.57,14.96,2.25,-7.71,94.4,0.23,0.11,0.15,0.08,-0.7,-0.38,49,5,5,4,5,4,,87.62,3.13,30.8,58,52,63,59,112,74.4,8410.86,76.8,5.6,6.1,3.9,7.7,9.1,4.68,2.57,39.3,90.98,112
Jordan,JOR,2018,11,11/1/18,126.12,0.82,0.7095,8410.86,2.57,14.96,2.25,-7.71,94.4,0.23,0.11,0.15,0.08,-0.7,-0.38,49,5,5,4,5,4,,87.62,3.13,30.8,58,52,63,59,112,74.4,8410.86,76.8,5.6,6.1,3.9,7.7,9.1,4.68,2.57,39.3,90.98,112
Jordan,JOR,2018,12,12/1/18,125.25,-0.69,0.7097,8410.86,2.57,14.96,2.25,-7.71,94.4,0.23,0.11,0.15,0.08,-0.7,-0.38,49,5,5,4,5,4,,87.62,3.13,30.8,58,52,63,59,112,74.4,8410.86,76.8,5.6,6.1,3.9,7.7,9.1,4.68,2.57,39.3,90.98,112
Jordan,JOR,2019,1,1/1/19,124.07,-0.94,0.7096,,2.63,14.72,,,,,,,,,,48,5,5,4,6,4,,,3.08,29.6,58,50,62,53,,,,75.9,5.3,6,3.6,7.4,8.8,,2.63,39.21,,
Jordan,JOR,2019,2,2/1/19,123.69,-0.31,0.7093,,2.63,14.72,,,,,,,,,,48,5,5,4,6,4,,,3.08,29.6,58,50,62,53,,,,75.9,5.3,6,3.6,7.4,8.8,,2.63,39.21,,
Jordan,JOR,2019,3,3/1/19,124.02,0.27,0.7089,,2.63,14.72,,,,,,,,,,48,5,5,4,6,4,,,3.08,29.6,58,50,62,53,,,,75.9,5.3,6,3.6,7.4,8.8,,2.63,39.21,,
Jordan,JOR,2019,4,4/1/19,124.81,0.64,0.7089,,2.63,14.72,,,,,,,,,,48,5,5,4,6,4,,,3.08,29.6,58,50,62,53,,,,75.9,5.3,6,3.6,7.4,8.8,,2.63,39.21,,
Jordan,JOR,2019,5,5/1/19,125.09,0.22,0.7089,,2.63,14.72,,,,,,,,,,48,5,5,4,6,4,,,3.08,29.6,58,50,62,53,,,,75.9,5.3,6,3.6,7.4,8.8,,2.63,39.21,,
Jordan,JOR,2019,6,6/1/19,125.72,0.5,0.709,,2.63,14.72,,,,,,,,,,48,5,5,4,6,4,,,3.08,29.6,58,50,62,53,,,,75.9,5.3,6,3.6,7.4,8.8,,2.63,39.21,,
Jordan,JOR,2019,7,7/1/19,125.55,-0.14,0.709,,2.63,14.72,,,,,,,,,,48,5,5,4,6,4,,,3.08,29.6,58,50,62,53,,,,75.9,5.3,6,3.6,7.4,8.8,,2.63,39.21,,
Jordan,JOR,2019,8,8/1/19,125.63,0.06,0.7086,,2.63,14.72,,,,,,,,,,48,5,5,4,6,4,,,3.08,29.6,58,50,62,53,,,,75.9,5.3,6,3.6,7.4,8.8,,2.63,39.21,,
Jordan,JOR,2019,9,9/1/19,124.89,-0.59,0.7087,,2.63,14.72,,,,,,,,,,48,5,5,4,6,4,,,3.08,29.6,58,50,62,53,,,,75.9,5.3,6,3.6,7.4,8.8,,2.63,39.21,,
Jordan,JOR,2019,10,10/1/19,125.01,0.1,0.7085,,2.63,14.72,,,,,,,,,,48,5,5,4,6,4,,,3.08,29.6,58,50,62,53,,,,75.9,5.3,6,3.6,7.4,8.8,,2.63,39.21,,
Jordan,JOR,2019,11,11/1/19,125.62,0.48,0.709,,2.63,14.72,,,,,,,,,,48,5,5,4,6,4,,,3.08,29.6,58,50,62,53,,,,75.9,5.3,6,3.6,7.4,8.8,,2.63,39.21,,
Jordan,JOR,2019,12,12/1/19,125.03,-0.47,0.7092,,2.63,14.72,,,,,,,,,,48,5,5,4,6,4,,,3.08,29.6,58,50,62,53,,,,75.9,5.3,6,3.6,7.4,8.8,,2.63,39.21,,
Lebanon,LBN,2017,1,1/1/17,98.47,-0.46,1507.9738,11647.02,2.36,6.22,4.72,-13.13,149,-0.82,-0.51,-1,-0.31,-0.58,-1.63,28,5,4,5,6,6,78.18,64.51,14,30.6,44,23,52,50,666,78.83,11647.02,88.2,8.7,7.6,5.7,7.4,9.3,4.6,2.36,47.19,88.43,666
Lebanon,LBN,2017,2,2/1/17,99,0.54,1508.9683,11647.02,2.36,6.22,4.72,-13.13,149,-0.82,-0.51,-1,-0.31,-0.58,-1.63,28,5,4,5,6,6,78.18,64.51,14,30.6,44,23,52,50,666,78.83,11647.02,88.2,8.7,7.6,5.7,7.4,9.3,4.6,2.36,47.19,88.43,666
Lebanon,LBN,2017,3,3/1/17,99.66,0.67,1511.7569,11647.02,2.36,6.22,4.72,-13.13,149,-0.82,-0.51,-1,-0.31,-0.58,-1.63,28,5,4,5,6,6,78.18,64.51,14,30.6,44,23,52,50,666,78.83,11647.02,88.2,8.7,7.6,5.7,7.4,9.3,4.6,2.36,47.19,88.43,666
Lebanon,LBN,2017,4,4/1/17,99.77,0.11,1511.7955,11647.02,2.36,6.22,4.72,-13.13,149,-0.82,-0.51,-1,-0.31,-0.58,-1.63,28,5,4,5,6,6,78.18,64.51,14,30.6,44,23,52,50,666,78.83,11647.02,88.2,8.7,7.6,5.7,7.4,9.3,4.6,2.36,47.19,88.43,666
Lebanon,LBN,2017,5,5/1/17,99.72,-0.05,1511.4825,11647.02,2.36,6.22,4.72,-13.13,149,-0.82,-0.51,-1,-0.31,-0.58,-1.63,28,5,4,5,6,6,78.18,64.51,14,30.6,44,23,52,50,666,78.83,11647.02,88.2,8.7,7.6,5.7,7.4,9.3,4.6,2.36,47.19,88.43,666
Lebanon,LBN,2017,6,6/1/17,99.43,-0.29,1510.5537,11647.02,2.36,6.22,4.72,-13.13,149,-0.82,-0.51,-1,-0.31,-0.58,-1.63,28,5,4,5,6,6,78.18,64.51,14,30.6,44,23,52,50,666,78.83,11647.02,88.2,8.7,7.6,5.7,7.4,9.3,4.6,2.36,47.19,88.43,666
Lebanon,LBN,2017,7,7/1/17,100.43,1.01,1507.4474,11647.02,2.36,6.22,4.72,-13.13,149,-0.82,-0.51,-1,-0.31,-0.58,-1.63,28,5,4,5,6,6,78.18,64.51,14,30.6,44,23,52,50,666,78.83,11647.02,88.2,8.7,7.6,5.7,7.4,9.3,4.6,2.36,47.19,88.43,666
Lebanon,LBN,2017,8,8/1/17,100.48,0.05,1506.6302,11647.02,2.36,6.22,4.72,-13.13,149,-0.82,-0.51,-1,-0.31,-0.58,-1.63,28,5,4,5,6,6,78.18,64.51,14,30.6,44,23,52,50,666,78.83,11647.02,88.2,8.7,7.6,5.7,7.4,9.3,4.6,2.36,47.19,88.43,666
Lebanon,LBN,2017,9,9/1/17,101.08,0.6,1508.874,11647.02,2.36,6.22,4.72,-13.13,149,-0.82,-0.51,-1,-0.31,-0.58,-1.63,28,5,4,5,6,6,78.18,64.51,14,30.6,44,23,52,50,666,78.83,11647.02,88.2,8.7,7.6,5.7,7.4,9.3,4.6,2.36,47.19,88.43,666
Lebanon,LBN,2017,10,10/1/17,102.46,1.37,1509.1953,11647.02,2.36,6.22,4.72,-13.13,149,-0.82,-0.51,-1,-0.31,-0.58,-1.63,28,5,4,5,6,6,78.18,64.51,14,30.6,44,23,52,50,666,78.83,11647.02,88.2,8.7,7.6,5.7,7.4,9.3,4.6,2.36,47.19,88.43,666
Lebanon,LBN,2017,11,11/1/17,103.03,0.55,1510.6688,11647.02,2.36,6.22,4.72,-13.13,149,-0.82,-0.51,-1,-0.31,-0.58,-1.63,28,5,4,5,6,6,78.18,64.51,14,30.6,44,23,52,50,666,78.83,11647.02,88.2,8.7,7.6,5.7,7.4,9.3,4.6,2.36,47.19,88.43,666
Lebanon,LBN,2017,12,12/1/17,103.89,0.83,1508.109,11647.02,2.36,6.22,4.72,-13.13,149,-0.82,-0.51,-1,-0.31,-0.58,-1.63,28,5,4,5,6,6,78.18,64.51,14,30.6,44,23,52,50,666,78.83,11647.02,88.2,8.7,7.6,5.7,7.4,9.3,4.6,2.36,47.19,88.43,666
Lebanon,LBN,2018,1,1/1/18,103.93,0.05,1512.2335,11607.18,2.39,6.14,4.65,-13.71,151,-0.76,-0.64,-1.11,-0.34,-0.5,-1.64,28,6,4,5,7,6,,64.5,13.8,28.2,40,20,49,44,669,78.88,11607.18,86.8,8.4,7.3,5.4,7.3,9,4.99,2.39,47.26,88.59,669
Lebanon,LBN,2018,2,2/1/18,104.14,0.2,1512.6388,11607.18,2.39,6.14,4.65,-13.71,151,-0.76,-0.64,-1.11,-0.34,-0.5,-1.64,28,6,4,5,7,6,,64.5,13.8,28.2,40,20,49,44,669,78.88,11607.18,86.8,8.4,7.3,5.4,7.3,9,4.99,2.39,47.26,88.59,669
Lebanon,LBN,2018,3,3/1/18,104.99,0.81,1511.504,11607.18,2.39,6.14,4.65,-13.71,151,-0.76,-0.64,-1.11,-0.34,-0.5,-1.64,28,6,4,5,7,6,,64.5,13.8,28.2,40,20,49,44,669,78.88,11607.18,86.8,8.4,7.3,5.4,7.3,9,4.99,2.39,47.26,88.59,669
Lebanon,LBN,2018,4,4/1/18,105.56,0.54,1511.7142,11607.18,2.39,6.14,4.65,-13.71,151,-0.76,-0.64,-1.11,-0.34,-0.5,-1.64,28,6,4,5,7,6,,64.5,13.8,28.2,40,20,49,44,669,78.88,11607.18,86.8,8.4,7.3,5.4,7.3,9,4.99,2.39,47.26,88.59,669
Lebanon,LBN,2018,5,5/1/18,106.22,0.63,1511.6663,11607.18,2.39,6.14,4.65,-13.71,151,-0.76,-0.64,-1.11,-0.34,-0.5,-1.64,28,6,4,5,7,6,,64.5,13.8,28.2,40,20,49,44,669,78.88,11607.18,86.8,8.4,7.3,5.4,7.3,9,4.99,2.39,47.26,88.59,669
Lebanon,LBN,2018,6,6/1/18,107.19,0.91,1512.3604,11607.18,2.39,6.14,4.65,-13.71,151,-0.76,-0.64,-1.11,-0.34,-0.5,-1.64,28,6,4,5,7,6,,64.5,13.8,28.2,40,20,49,44,669,78.88,11607.18,86.8,8.4,7.3,5.4,7.3,9,4.99,2.39,47.26,88.59,669
Lebanon,LBN,2018,7,7/1/18,106.96,-0.21,1509.5784,11607.18,2.39,6.14,4.65,-13.71,151,-0.76,-0.64,-1.11,-0.34,-0.5,-1.64,28,6,4,5,7,6,,64.5,13.8,28.2,40,20,49,44,669,78.88,11607.18,86.8,8.4,7.3,5.4,7.3,9,4.99,2.39,47.26,88.59,669
Lebanon,LBN,2018,8,8/1/18,107.2,0.22,1512.4097,11607.18,2.39,6.14,4.65,-13.71,151,-0.76,-0.64,-1.11,-0.34,-0.5,-1.64,28,6,4,5,7,6,,64.5,13.8,28.2,40,20,49,44,669,78.88,11607.18,86.8,8.4,7.3,5.4,7.3,9,4.99,2.39,47.26,88.59,669
Lebanon,LBN,2018,9,9/1/18,107.68,0.45,1513.6719,11607.18,2.39,6.14,4.65,-13.71,151,-0.76,-0.64,-1.11,-0.34,-0.5,-1.64,28,6,4,5,7,6,,64.5,13.8,28.2,40,20,49,44,669,78.88,11607.18,86.8,8.4,7.3,5.4,7.3,9,4.99,2.39,47.26,88.59,669
Lebanon,LBN,2018,10,10/1/18,108.89,1.12,1512.971,11607.18,2.39,6.14,4.65,-13.71,151,-0.76,-0.64,-1.11,-0.34,-0.5,-1.64,28,6,4,5,7,6,,64.5,13.8,28.2,40,20,49,44,669,78.88,11607.18,86.8,8.4,7.3,5.4,7.3,9,4.99,2.39,47.26,88.59,669
Lebanon,LBN,2018,11,11/1/18,109.04,0.14,1511.3463,11607.18,2.39,6.14,4.65,-13.71,151,-0.76,-0.64,-1.11,-0.34,-0.5,-1.64,28,6,4,5,7,6,,64.5,13.8,28.2,40,20,49,44,669,78.88,11607.18,86.8,8.4,7.3,5.4,7.3,9,4.99,2.39,47.26,88.59,669
Lebanon,LBN,2018,12,12/1/18,108.02,-0.94,1508.4466,11607.18,2.39,6.14,4.65,-13.71,151,-0.76,-0.64,-1.11,-0.34,-0.5,-1.64,28,6,4,5,7,6,,64.5,13.8,28.2,40,20,49,44,669,78.88,11607.18,86.8,8.4,7.3,5.4,7.3,9,4.99,2.39,47.26,88.59,669
Lebanon,LBN,2019,1,1/1/19,107.23,-0.73,1508.2084,,2.41,6.23,,,,,,,,,,28,5,4,5,7,6,,,13.61,28.5,40,18,48,47,,,,85,8.1,7.1,5.1,7.2,8.7,,2.41,47.32,,
Lebanon,LBN,2019,2,2/1/19,107.42,0.18,1508.8022,,2.41,6.23,,,,,,,,,,28,5,4,5,7,6,,,13.61,28.5,40,18,48,47,,,,85,8.1,7.1,5.1,7.2,8.7,,2.41,47.32,,
Lebanon,LBN,2019,3,3/1/19,109.28,1.73,1509.3723,,2.41,6.23,,,,,,,,,,28,5,4,5,7,6,,,13.61,28.5,40,18,48,47,,,,85,8.1,7.1,5.1,7.2,8.7,,2.41,47.32,,
Lebanon,LBN,2019,4,4/1/19,109.79,0.47,1508.6048,,2.41,6.23,,,,,,,,,,28,5,4,5,7,6,,,13.61,28.5,40,18,48,47,,,,85,8.1,7.1,5.1,7.2,8.7,,2.41,47.32,,
Lebanon,LBN,2019,5,5/1/19,109.92,0.12,1515.2442,,2.41,6.23,,,,,,,,,,28,5,4,5,7,6,,,13.61,28.5,40,18,48,47,,,,85,8.1,7.1,5.1,7.2,8.7,,2.41,47.32,,
Lebanon,LBN,2019,6,6/1/19,109,-0.84,1510.7079,,2.41,6.23,,,,,,,,,,28,5,4,5,7,6,,,13.61,28.5,40,18,48,47,,,,85,8.1,7.1,5.1,7.2,8.7,,2.41,47.32,,
Lebanon,LBN,2019,7,7/1/19,108.5,-0.46,1512.3311,,2.41,6.23,,,,,,,,,,28,5,4,5,7,6,,,13.61,28.5,40,18,48,47,,,,85,8.1,7.1,5.1,7.2,8.7,,2.41,47.32,,
Lebanon,LBN,2019,8,8/1/19,108.51,0.01,1509.7408,,2.41,6.23,,,,,,,,,,28,5,4,5,7,6,,,13.61,28.5,40,18,48,47,,,,85,8.1,7.1,5.1,7.2,8.7,,2.41,47.32,,
Lebanon,LBN,2019,9,9/1/19,108.85,0.31,1510.3035,,2.41,6.23,,,,,,,,,,28,5,4,5,7,6,,,13.61,28.5,40,18,48,47,,,,85,8.1,7.1,5.1,7.2,8.7,,2.41,47.32,,
Lebanon,LBN,2019,10,10/1/19,110.34,1.36,1510.4788,,2.41,6.23,,,,,,,,,,28,5,4,5,7,6,,,13.61,28.5,40,18,48,47,,,,85,8.1,7.1,5.1,7.2,8.7,,2.41,47.32,,
Lebanon,LBN,2019,11,11/1/19,112.49,1.96,1512.0611,,2.41,6.23,,,,,,,,,,28,5,4,5,7,6,,,13.61,28.5,40,18,48,47,,,,85,8.1,7.1,5.1,7.2,8.7,,2.41,47.32,,
Lebanon,LBN,2019,12,12/1/19,115.54,2.71,1511.0018,,2.41,6.23,,,,,,,,,,28,5,4,5,7,6,,,13.61,28.5,40,18,48,47,,,,85,8.1,7.1,5.1,7.2,8.7,,2.41,47.32,,
Saudi Arabia,SAU,2017,1,1/1/17,97.77,-0.17,3.7507,48803.96,13.92,5.89,0.21,38.02,17.16,0.1,0.26,0.36,0,-1.68,-0.58,49,7,7,2,3,4,82.12,121.48,3.56,36.2,62,46,74,69,15,74.87,48803.96,71.2,6.3,8,3.8,9.1,4.7,10.25,13.92,56.26,83.62,15
Saudi Arabia,SAU,2017,2,2/1/17,97.87,0.1,3.7504,48803.96,13.92,5.89,0.21,38.02,17.16,0.1,0.26,0.36,0,-1.68,-0.58,49,7,7,2,3,4,82.12,121.48,3.56,36.2,62,46,74,69,15,74.87,48803.96,71.2,6.3,8,3.8,9.1,4.7,10.25,13.92,56.26,83.62,15
Saudi Arabia,SAU,2017,3,3/1/17,97.81,-0.06,3.7503,48803.96,13.92,5.89,0.21,38.02,17.16,0.1,0.26,0.36,0,-1.68,-0.58,49,7,7,2,3,4,82.12,121.48,3.56,36.2,62,46,74,69,15,74.87,48803.96,71.2,6.3,8,3.8,9.1,4.7,10.25,13.92,56.26,83.62,15
Saudi Arabia,SAU,2017,4,4/1/17,97.89,0.08,3.7506,48803.96,13.92,5.89,0.21,38.02,17.16,0.1,0.26,0.36,0,-1.68,-0.58,49,7,7,2,3,4,82.12,121.48,3.56,36.2,62,46,74,69,15,74.87,48803.96,71.2,6.3,8,3.8,9.1,4.7,10.25,13.92,56.26,83.62,15
Saudi Arabia,SAU,2017,5,5/1/17,97.75,-0.14,3.7504,48803.96,13.92,5.89,0.21,38.02,17.16,0.1,0.26,0.36,0,-1.68,-0.58,49,7,7,2,3,4,82.12,121.48,3.56,36.2,62,46,74,69,15,74.87,48803.96,71.2,6.3,8,3.8,9.1,4.7,10.25,13.92,56.26,83.62,15
Saudi Arabia,SAU,2017,6,6/1/17,98.01,0.27,3.7505,48803.96,13.92,5.89,0.21,38.02,17.16,0.1,0.26,0.36,0,-1.68,-0.58,49,7,7,2,3,4,82.12,121.48,3.56,36.2,62,46,74,69,15,74.87,48803.96,71.2,6.3,8,3.8,9.1,4.7,10.25,13.92,56.26,83.62,15
Saudi Arabia,SAU,2017,7,7/1/17,97.95,-0.06,3.7503,48803.96,13.92,5.89,0.21,38.02,17.16,0.1,0.26,0.36,0,-1.68,-0.58,49,7,7,2,3,4,82.12,121.48,3.56,36.2,62,46,74,69,15,74.87,48803.96,71.2,6.3,8,3.8,9.1,4.7,10.25,13.92,56.26,83.62,15
Saudi Arabia,SAU,2017,8,8/1/17,97.78,-0.17,3.7502,48803.96,13.92,5.89,0.21,38.02,17.16,0.1,0.26,0.36,0,-1.68,-0.58,49,7,7,2,3,4,82.12,121.48,3.56,36.2,62,46,74,69,15,74.87,48803.96,71.2,6.3,8,3.8,9.1,4.7,10.25,13.92,56.26,83.62,15
Saudi Arabia,SAU,2017,9,9/1/17,97.74,-0.04,3.7502,48803.96,13.92,5.89,0.21,38.02,17.16,0.1,0.26,0.36,0,-1.68,-0.58,49,7,7,2,3,4,82.12,121.48,3.56,36.2,62,46,74,69,15,74.87,48803.96,71.2,6.3,8,3.8,9.1,4.7,10.25,13.92,56.26,83.62,15
Saudi Arabia,SAU,2017,10,10/1/17,97.23,-0.52,3.7503,48803.96,13.92,5.89,0.21,38.02,17.16,0.1,0.26,0.36,0,-1.68,-0.58,49,7,7,2,3,4,82.12,121.48,3.56,36.2,62,46,74,69,15,74.87,48803.96,71.2,6.3,8,3.8,9.1,4.7,10.25,13.92,56.26,83.62,15
Saudi Arabia,SAU,2017,11,11/1/17,96.56,-0.69,3.7504,48803.96,13.92,5.89,0.21,38.02,17.16,0.1,0.26,0.36,0,-1.68,-0.58,49,7,7,2,3,4,82.12,121.48,3.56,36.2,62,46,74,69,15,74.87,48803.96,71.2,6.3,8,3.8,9.1,4.7,10.25,13.92,56.26,83.62,15
Saudi Arabia,SAU,2017,12,12/1/17,96.85,0.3,3.75,48803.96,13.92,5.89,0.21,38.02,17.16,0.1,0.26,0.36,0,-1.68,-0.58,49,7,7,2,3,4,82.12,121.48,3.56,36.2,62,46,74,69,15,74.87,48803.96,71.2,6.3,8,3.8,9.1,4.7,10.25,13.92,56.26,83.62,15
Saudi Arabia,SAU,2018,1,1/1/18,100.85,4.13,3.75,49100.66,14.28,6.04,0.54,104.56,19.1,0.14,0.32,0.36,-0.05,-1.64,-0.52,49,7,7,2,3,4,93.31,122.57,2.52,34.3,53,50,74,65,16,75,49100.66,70.2,6,8.3,3.5,9,4.4,8.77,14.28,56.54,83.84,16
Saudi Arabia,SAU,2018,2,2/1/18,100.75,-0.1,3.7497,49100.66,14.28,6.04,0.54,104.56,19.1,0.14,0.32,0.36,-0.05,-1.64,-0.52,49,7,7,2,3,4,93.31,122.57,2.52,34.3,53,50,74,65,16,75,49100.66,70.2,6,8.3,3.5,9,4.4,8.77,14.28,56.54,83.84,16
Saudi Arabia,SAU,2018,3,3/1/18,100.62,-0.13,3.7498,49100.66,14.28,6.04,0.54,104.56,19.1,0.14,0.32,0.36,-0.05,-1.64,-0.52,49,7,7,2,3,4,93.31,122.57,2.52,34.3,53,50,74,65,16,75,49100.66,70.2,6,8.3,3.5,9,4.4,8.77,14.28,56.54,83.84,16
Saudi Arabia,SAU,2018,4,4/1/18,100.33,-0.29,3.7503,49100.66,14.28,6.04,0.54,104.56,19.1,0.14,0.32,0.36,-0.05,-1.64,-0.52,49,7,7,2,3,4,93.31,122.57,2.52,34.3,53,50,74,65,16,75,49100.66,70.2,6,8.3,3.5,9,4.4,8.77,14.28,56.54,83.84,16
Saudi Arabia,SAU,2018,5,5/1/18,100.1,-0.23,3.7506,49100.66,14.28,6.04,0.54,104.56,19.1,0.14,0.32,0.36,-0.05,-1.64,-0.52,49,7,7,2,3,4,93.31,122.57,2.52,34.3,53,50,74,65,16,75,49100.66,70.2,6,8.3,3.5,9,4.4,8.77,14.28,56.54,83.84,16
Saudi Arabia,SAU,2018,6,6/1/18,100.29,0.19,3.7499,49100.66,14.28,6.04,0.54,104.56,19.1,0.14,0.32,0.36,-0.05,-1.64,-0.52,49,7,7,2,3,4,93.31,122.57,2.52,34.3,53,50,74,65,16,75,49100.66,70.2,6,8.3,3.5,9,4.4,8.77,14.28,56.54,83.84,16
Saudi Arabia,SAU,2018,7,7/1/18,100.15,-0.14,3.7499,49100.66,14.28,6.04,0.54,104.56,19.1,0.14,0.32,0.36,-0.05,-1.64,-0.52,49,7,7,2,3,4,93.31,122.57,2.52,34.3,53,50,74,65,16,75,49100.66,70.2,6,8.3,3.5,9,4.4,8.77,14.28,56.54,83.84,16
Saudi Arabia,SAU,2018,8,8/1/18,100.01,-0.14,3.7502,49100.66,14.28,6.04,0.54,104.56,19.1,0.14,0.32,0.36,-0.05,-1.64,-0.52,49,7,7,2,3,4,93.31,122.57,2.52,34.3,53,50,74,65,16,75,49100.66,70.2,6,8.3,3.5,9,4.4,8.77,14.28,56.54,83.84,16
Saudi Arabia,SAU,2018,9,9/1/18,99.79,-0.22,3.7502,49100.66,14.28,6.04,0.54,104.56,19.1,0.14,0.32,0.36,-0.05,-1.64,-0.52,49,7,7,2,3,4,93.31,122.57,2.52,34.3,53,50,74,65,16,75,49100.66,70.2,6,8.3,3.5,9,4.4,8.77,14.28,56.54,83.84,16
Saudi Arabia,SAU,2018,10,10/1/18,99.31,-0.48,3.7511,49100.66,14.28,6.04,0.54,104.56,19.1,0.14,0.32,0.36,-0.05,-1.64,-0.52,49,7,7,2,3,4,93.31,122.57,2.52,34.3,53,50,74,65,16,75,49100.66,70.2,6,8.3,3.5,9,4.4,8.77,14.28,56.54,83.84,16
Saudi Arabia,SAU,2018,11,11/1/18,99.1,-0.21,3.7506,49100.66,14.28,6.04,0.54,104.56,19.1,0.14,0.32,0.36,-0.05,-1.64,-0.52,49,7,7,2,3,4,93.31,122.57,2.52,34.3,53,50,74,65,16,75,49100.66,70.2,6,8.3,3.5,9,4.4,8.77,14.28,56.54,83.84,16
Saudi Arabia,SAU,2018,12,12/1/18,98.7,-0.4,3.7508,49100.66,14.28,6.04,0.54,104.56,19.1,0.14,0.32,0.36,-0.05,-1.64,-0.52,49,7,7,2,3,4,93.31,122.57,2.52,34.3,53,50,74,65,16,75,49100.66,70.2,6,8.3,3.5,9,4.4,8.77,14.28,56.54,83.84,16
Saudi Arabia,SAU,2019,1,1/1/19,97.66,-1.05,3.7504,,14.63,5.93,,,,,,,,,,53,7,7,2,3,4,,,2.4,32.9,55,50,72,63,,,,70.4,6,8.4,3.2,9.3,4.4,,14.63,56.81,,
Saudi Arabia,SAU,2019,2,2/1/19,97.49,-0.17,3.7501,,14.63,5.93,,,,,,,,,,53,7,7,2,3,4,,,2.4,32.9,55,50,72,63,,,,70.4,6,8.4,3.2,9.3,4.4,,14.63,56.81,,
Saudi Arabia,SAU,2019,3,3/1/19,97.39,-0.1,3.7511,,14.63,5.93,,,,,,,,,,53,7,7,2,3,4,,,2.4,32.9,55,50,72,63,,,,70.4,6,8.4,3.2,9.3,4.4,,14.63,56.81,,
Saudi Arabia,SAU,2019,4,4/1/19,97.44,0.05,3.7499,,14.63,5.93,,,,,,,,,,53,7,7,2,3,4,,,2.4,32.9,55,50,72,63,,,,70.4,6,8.4,3.2,9.3,4.4,,14.63,56.81,,
Saudi Arabia,SAU,2019,5,5/1/19,97.47,0.03,3.7506,,14.63,5.93,,,,,,,,,,53,7,7,2,3,4,,,2.4,32.9,55,50,72,63,,,,70.4,6,8.4,3.2,9.3,4.4,,14.63,56.81,,
Saudi Arabia,SAU,2019,6,6/1/19,97.69,0.23,3.7501,,14.63,5.93,,,,,,,,,,53,7,7,2,3,4,,,2.4,32.9,55,50,72,63,,,,70.4,6,8.4,3.2,9.3,4.4,,14.63,56.81,,
Saudi Arabia,SAU,2019,7,7/1/19,97.96,0.28,3.7504,,14.63,5.93,,,,,,,,,,53,7,7,2,3,4,,,2.4,32.9,55,50,72,63,,,,70.4,6,8.4,3.2,9.3,4.4,,14.63,56.81,,
Saudi Arabia,SAU,2019,8,8/1/19,98.15,0.19,3.7495,,14.63,5.93,,,,,,,,,,53,7,7,2,3,4,,,2.4,32.9,55,50,72,63,,,,70.4,6,8.4,3.2,9.3,4.4,,14.63,56.81,,
Saudi Arabia,SAU,2019,9,9/1/19,98.38,0.23,3.748,,14.63,5.93,,,,,,,,,,53,7,7,2,3,4,,,2.4,32.9,55,50,72,63,,,,70.4,6,8.4,3.2,9.3,4.4,,14.63,56.81,,
Saudi Arabia,SAU,2019,10,10/1/19,98.43,0.05,3.7511,,14.63,5.93,,,,,,,,,,53,7,7,2,3,4,,,2.4,32.9,55,50,72,63,,,,70.4,6,8.4,3.2,9.3,4.4,,14.63,56.81,,
Saudi Arabia,SAU,2019,11,11/1/19,98.3,-0.13,3.75,,14.63,5.93,,,,,,,,,,53,7,7,2,3,4,,,2.4,32.9,55,50,72,63,,,,70.4,6,8.4,3.2,9.3,4.4,,14.63,56.81,,
Saudi Arabia,SAU,2019,12,12/1/19,98.52,0.22,3.7509,,14.63,5.93,,,,,,,,,,53,7,7,2,3,4,,,2.4,32.9,55,50,72,63,,,,70.4,6,8.4,3.2,9.3,4.4,,14.63,56.81,,
Syria,SYR,2017,1,1/1/17,,,213.976,,4.83,8.36,,,,-2.09,-1.77,-1.56,-1.83,-1.97,-2.62,14,7,7,7,7,7,34.25,90,11.33,,37,30,66,56,93,70.97,,110.6,9.8,9.9,9.2,9.8,9.8,,4.83,41.52,53.5,93
Syria,SYR,2017,2,2/1/17,,,214.3518,,4.83,8.36,,,,-2.09,-1.77,-1.56,-1.83,-1.97,-2.62,14,7,7,7,7,7,34.25,90,11.33,,37,30,66,56,93,70.97,,110.6,9.8,9.9,9.2,9.8,9.8,,4.83,41.52,53.5,93
Syria,SYR,2017,3,3/1/17,,,214.3726,,4.83,8.36,,,,-2.09,-1.77,-1.56,-1.83,-1.97,-2.62,14,7,7,7,7,7,34.25,90,11.33,,37,30,66,56,93,70.97,,110.6,9.8,9.9,9.2,9.8,9.8,,4.83,41.52,53.5,93
Syria,SYR,2017,4,4/1/17,,,214.342,,4.83,8.36,,,,-2.09,-1.77,-1.56,-1.83,-1.97,-2.62,14,7,7,7,7,7,34.25,90,11.33,,37,30,66,56,93,70.97,,110.6,9.8,9.9,9.2,9.8,9.8,,4.83,41.52,53.5,93
Syria,SYR,2017,5,5/1/17,,,214.3571,,4.83,8.36,,,,-2.09,-1.77,-1.56,-1.83,-1.97,-2.62,14,7,7,7,7,7,34.25,90,11.33,,37,30,66,56,93,70.97,,110.6,9.8,9.9,9.2,9.8,9.8,,4.83,41.52,53.5,93
Syria,SYR,2017,6,6/1/17,,,214.3443,,4.83,8.36,,,,-2.09,-1.77,-1.56,-1.83,-1.97,-2.62,14,7,7,7,7,7,34.25,90,11.33,,37,30,66,56,93,70.97,,110.6,9.8,9.9,9.2,9.8,9.8,,4.83,41.52,53.5,93
Syria,SYR,2017,7,7/1/17,,,214.3416,,4.83,8.36,,,,-2.09,-1.77,-1.56,-1.83,-1.97,-2.62,14,7,7,7,7,7,34.25,90,11.33,,37,30,66,56,93,70.97,,110.6,9.8,9.9,9.2,9.8,9.8,,4.83,41.52,53.5,93
Syria,SYR,2017,8,8/1/17,,,514.9973,,4.83,8.36,,,,-2.09,-1.77,-1.56,-1.83,-1.97,-2.62,14,7,7,7,7,7,34.25,90,11.33,,37,30,66,56,93,70.97,,110.6,9.8,9.9,9.2,9.8,9.8,,4.83,41.52,53.5,93
Syria,SYR,2017,9,9/1/17,,,514.9991,,4.83,8.36,,,,-2.09,-1.77,-1.56,-1.83,-1.97,-2.62,14,7,7,7,7,7,34.25,90,11.33,,37,30,66,56,93,70.97,,110.6,9.8,9.9,9.2,9.8,9.8,,4.83,41.52,53.5,93
Syria,SYR,2017,10,10/1/17,,,514.9994,,4.83,8.36,,,,-2.09,-1.77,-1.56,-1.83,-1.97,-2.62,14,7,7,7,7,7,34.25,90,11.33,,37,30,66,56,93,70.97,,110.6,9.8,9.9,9.2,9.8,9.8,,4.83,41.52,53.5,93
Syria,SYR,2017,11,11/1/17,,,514.9994,,4.83,8.36,,,,-2.09,-1.77,-1.56,-1.83,-1.97,-2.62,14,7,7,7,7,7,34.25,90,11.33,,37,30,66,56,93,70.97,,110.6,9.8,9.9,9.2,9.8,9.8,,4.83,41.52,53.5,93
Syria,SYR,2017,12,12/1/17,,,514.9994,,4.83,8.36,,,,-2.09,-1.77,-1.56,-1.83,-1.97,-2.62,14,7,7,7,7,7,34.25,90,11.33,,37,30,66,56,93,70.97,,110.6,9.8,9.9,9.2,9.8,9.8,,4.83,41.52,53.5,93
Syria,SYR,2018,1,1/1/18,,,514.9994,,4.77,8.26,,,,-2.05,-1.67,-1.63,-1.8,-1.96,-2.74,13,7,7,7,7,7,,101.09,11.01,,37,23,62,59,92,71.78,,111.4,9.9,9.9,9.3,9.9,10,,4.77,41.15,54.16,92
Syria,SYR,2018,2,2/1/18,,,514.9994,,4.77,8.26,,,,-2.05,-1.67,-1.63,-1.8,-1.96,-2.74,13,7,7,7,7,7,,101.09,11.01,,37,23,62,59,92,71.78,,111.4,9.9,9.9,9.3,9.9,10,,4.77,41.15,54.16,92
Syria,SYR,2018,3,3/1/18,,,514.9994,,4.77,8.26,,,,-2.05,-1.67,-1.63,-1.8,-1.96,-2.74,13,7,7,7,7,7,,101.09,11.01,,37,23,62,59,92,71.78,,111.4,9.9,9.9,9.3,9.9,10,,4.77,41.15,54.16,92
Syria,SYR,2018,4,4/1/18,,,514.9994,,4.77,8.26,,,,-2.05,-1.67,-1.63,-1.8,-1.96,-2.74,13,7,7,7,7,7,,101.09,11.01,,37,23,62,59,92,71.78,,111.4,9.9,9.9,9.3,9.9,10,,4.77,41.15,54.16,92
Syria,SYR,2018,5,5/1/18,,,514.9994,,4.77,8.26,,,,-2.05,-1.67,-1.63,-1.8,-1.96,-2.74,13,7,7,7,7,7,,101.09,11.01,,37,23,62,59,92,71.78,,111.4,9.9,9.9,9.3,9.9,10,,4.77,41.15,54.16,92
Syria,SYR,2018,6,6/1/18,,,514.9994,,4.77,8.26,,,,-2.05,-1.67,-1.63,-1.8,-1.96,-2.74,13,7,7,7,7,7,,101.09,11.01,,37,23,62,59,92,71.78,,111.4,9.9,9.9,9.3,9.9,10,,4.77,41.15,54.16,92
Syria,SYR,2018,7,7/1/18,,,514.9994,,4.77,8.26,,,,-2.05,-1.67,-1.63,-1.8,-1.96,-2.74,13,7,7,7,7,7,,101.09,11.01,,37,23,62,59,92,71.78,,111.4,9.9,9.9,9.3,9.9,10,,4.77,41.15,54.16,92
Syria,SYR,2018,8,8/1/18,,,514.9994,,4.77,8.26,,,,-2.05,-1.67,-1.63,-1.8,-1.96,-2.74,13,7,7,7,7,7,,101.09,11.01,,37,23,62,59,92,71.78,,111.4,9.9,9.9,9.3,9.9,10,,4.77,41.15,54.16,92
Syria,SYR,2018,9,9/1/18,,,514.9994,,4.77,8.26,,,,-2.05,-1.67,-1.63,-1.8,-1.96,-2.74,13,7,7,7,7,7,,101.09,11.01,,37,23,62,59,92,71.78,,111.4,9.9,9.9,9.3,9.9,10,,4.77,41.15,54.16,92
Syria,SYR,2018,10,10/1/18,,,514.9994,,4.77,8.26,,,,-2.05,-1.67,-1.63,-1.8,-1.96,-2.74,13,7,7,7,7,7,,101.09,11.01,,37,23,62,59,92,71.78,,111.4,9.9,9.9,9.3,9.9,10,,4.77,41.15,54.16,92
Syria,SYR,2018,11,11/1/18,,,514.9994,,4.77,8.26,,,,-2.05,-1.67,-1.63,-1.8,-1.96,-2.74,13,7,7,7,7,7,,101.09,11.01,,37,23,62,59,92,71.78,,111.4,9.9,9.9,9.3,9.9,10,,4.77,41.15,54.16,92
Syria,SYR,2018,12,12/1/18,,,514.9994,,4.77,8.26,,,,-2.05,-1.67,-1.63,-1.8,-1.96,-2.74,13,7,7,7,7,7,,101.09,11.01,,37,23,62,59,92,71.78,,111.4,9.9,9.9,9.3,9.9,10,,4.77,41.15,54.16,92
Syria,SYR,2019,1,1/1/19,,,514.9994,,4.8,8.37,,,,,,,,,,13,7,7,7,7,7,,,10.73,,37,20,50,58,,,,111.5,9.8,9.9,9.4,10,10,,4.8,40.76,,
Syria,SYR,2019,2,2/1/19,,,514.9994,,4.8,8.37,,,,,,,,,,13,7,7,7,7,7,,,10.73,,37,20,50,58,,,,111.5,9.8,9.9,9.4,10,10,,4.8,40.76,,
Syria,SYR,2019,3,3/1/19,,,514.9994,,4.8,8.37,,,,,,,,,,13,7,7,7,7,7,,,10.73,,37,20,50,58,,,,111.5,9.8,9.9,9.4,10,10,,4.8,40.76,,
Syria,SYR,2019,4,4/1/19,,,514.9994,,4.8,8.37,,,,,,,,,,13,7,7,7,7,7,,,10.73,,37,20,50,58,,,,111.5,9.8,9.9,9.4,10,10,,4.8,40.76,,
Syria,SYR,2019,5,5/1/19,,,514.9994,,4.8,8.37,,,,,,,,,,13,7,7,7,7,7,,,10.73,,37,20,50,58,,,,111.5,9.8,9.9,9.4,10,10,,4.8,40.76,,
Syria,SYR,2019,6,6/1/19,,,514.9994,,4.8,8.37,,,,,,,,,,13,7,7,7,7,7,,,10.73,,37,20,50,58,,,,111.5,9.8,9.9,9.4,10,10,,4.8,40.76,,
Syria,SYR,2019,7,7/1/19,,,514.9994,,4.8,8.37,,,,,,,,,,13,7,7,7,7,7,,,10.73,,37,20,50,58,,,,111.5,9.8,9.9,9.4,10,10,,4.8,40.76,,
Syria,SYR,2019,8,8/1/19,,,514.9994,,4.8,8.37,,,,,,,,,,13,7,7,7,7,7,,,10.73,,37,20,50,58,,,,111.5,9.8,9.9,9.4,10,10,,4.8,40.76,,
Syria,SYR,2019,9,9/1/19,,,514.9994,,4.8,8.37,,,,,,,,,,13,7,7,7,7,7,,,10.73,,37,20,50,58,,,,111.5,9.8,9.9,9.4,10,10,,4.8,40.76,,
Syria,SYR,2019,10,10/1/19,,,514.9994,,4.8,8.37,,,,,,,,,,13,7,7,7,7,7,,,10.73,,37,20,50,58,,,,111.5,9.8,9.9,9.4,10,10,,4.8,40.76,,
Syria,SYR,2019,11,11/1/19,,,514.9994,,4.8,8.37,,,,,,,,,,13,7,7,7,7,7,,,10.73,,37,20,50,58,,,,111.5,9.8,9.9,9.4,10,10,,4.8,40.76,,
Syria,SYR,2019,12,12/1/19,,,514.9994,,4.8,8.37,,,,,,,,,,13,7,7,7,7,7,,,10.73,,37,20,50,58,,,,111.5,9.8,9.9,9.4,10,10,,4.8,40.76,,